Kend,year,month,day,hour,localHour,dayTime,NMRI,,,,
,21,6,30,7,0,180.00,0.538350224,,,,
31.73643,21,6,30,8,1,180.04,0.588615366,,,,
-109.941989,21,6,30,9,2,180.08,0.574854466,,,,
,21,6,30,10,3,180.13,0.517649658,,,,
,21,6,30,11,4,180.17,0.368217653,,,,
,21,6,30,12,5,180.21,0.510174405,,,,
,21,6,30,13,6,180.25,0.332145298,,,,
,21,6,30,14,7,180.29,0.448424464,,,,
,21,6,30,15,8,180.33,0.330156729,,,,
,21,6,30,16,9,180.38,0.653327245,,,,
,21,6,30,17,10,180.42,0.335076597,,,,
,21,6,30,18,11,180.46,0.555266321,,,,
,21,6,30,19,12,180.50,0.72744049,,,,
,21,6,30,20,13,180.54,0.402013316,,,,
,21,6,30,21,14,180.58,0.300055975,,,,
,21,6,30,22,15,180.63,0.276985034,,,,
,21,6,30,23,16,180.67,0.421926114,,,,
,21,6,30,0,17,180.71,0.389713646,,,,
,21,6,30,1,18,180.75,0.227693849,,,,
,21,6,30,2,19,180.79,0.285688192,,,,
,21,6,30,3,20,180.83,0.494233443,,,,
,21,6,30,4,21,180.88,0.462267853,,,,
,21,6,30,5,22,180.92,0.46882807,,,,
,21,6,30,6,23,180.96,0.415529107,,,,
,21,7,1,7,0,181.00,0.516979731,,,,
,21,7,1,8,1,181.04,0.565382984,,,,
,21,7,1,9,2,181.08,0.566064695,,,,
,21,7,1,10,3,181.13,0.716236154,,,,
,21,7,1,11,4,181.17,0.369217535,,,,
,21,7,1,12,5,181.21,0.452369196,,,,
,21,7,1,13,6,181.25,0.342958402,,,,
,21,7,1,14,7,181.29,0.450478435,,,,
,21,7,1,15,8,181.33,0.324036059,,,,
,21,7,1,16,9,181.38,0.605589206,,,,
,21,7,1,17,10,181.42,0.33137992,,,,
,21,7,1,18,11,181.46,0.553352581,,,,
,21,7,1,19,12,181.50,0.706527811,,,,
,21,7,1,20,13,181.54,0.37336024,,,,
,21,7,1,21,14,181.58,0.222886519,,,,
,21,7,1,22,15,181.63,0.296909616,,,,
,21,7,1,23,16,181.67,0.418630097,,,,
,21,7,1,0,17,181.71,0.369936366,,,,
,21,7,1,1,18,181.75,0.071014023,,,,
,21,7,1,2,19,181.79,0.356136578,,,,
,21,7,1,3,20,181.83,0.487819939,,,,
,21,7,1,4,21,181.88,0.4554749,,,,
,21,7,1,5,22,181.92,0.595032406,,,,
,21,7,1,6,23,181.96,0.431140113,,,,
,21,7,2,7,0,182.00,0.629467358,,,,
,21,7,2,8,1,182.04,0.628741457,,,,
,21,7,2,9,2,182.08,0.651187839,,,,
,21,7,2,10,3,182.13,0.837763375,,,,
,21,7,2,11,4,182.17,0.47725548,,,,
,21,7,2,12,5,182.21,0.476378741,,,,
,21,7,2,13,6,182.25,0.500157318,,,,
,21,7,2,14,7,182.29,0.487415154,,,,
,21,7,2,15,8,182.33,0.345670516,,,,
,21,7,2,16,9,182.38,0.643225312,,,,
,21,7,2,17,10,182.42,0.331470068,,,,
,21,7,2,18,11,182.46,0.579052557,,,,
,21,7,2,19,12,182.50,0.647441079,,,,
,21,7,2,20,13,182.54,0.263935305,,,,
,21,7,2,21,14,182.58,0.420370021,,,,
,21,7,2,22,15,182.63,0.267956634,,,,
,21,7,2,23,16,182.67,0.411077657,,,,
,21,7,2,0,17,182.71,0.514374263,,,,
,21,7,2,1,18,182.75,0.333221188,,,,
,21,7,2,2,19,182.79,0.472943083,,,,
,21,7,2,3,20,182.83,0.575130214,,,,
,21,7,2,4,21,182.88,0.649830309,,,,
,21,7,2,5,22,182.92,0.730788947,,,,
,21,7,2,6,23,182.96,0.562009192,,,,
,21,7,3,7,0,183.00,0.490569173,,,,
,21,7,3,8,1,183.04,0.547426349,,,,
,21,7,3,9,2,183.08,0.639304148,,,,
,21,7,3,10,3,183.13,0.678950035,,,,
,21,7,3,11,4,183.17,0.378675465,,,,
,21,7,3,12,5,183.21,0.295843743,,,,
,21,7,3,13,6,183.25,0.616104761,,,,
,21,7,3,14,7,183.29,0.452565991,,,,
,21,7,3,15,8,183.33,0.282745699,,,,
,21,7,3,16,9,183.38,0.527356234,,,,
,21,7,3,17,10,183.42,0.30591268,,,,
,21,7,3,18,11,183.46,0.628061513,,,,
,21,7,3,19,12,183.50,0.635604525,,,,
,21,7,3,20,13,183.54,0.147617252,,,,
,21,7,3,21,14,183.58,0.516470068,,,,
,21,7,3,22,15,183.63,0.267647301,,,,
,21,7,3,23,16,183.67,0.426169573,,,,
,21,7,3,0,17,183.71,0.375232736,,,,
,21,7,3,1,18,183.75,0.262704454,,,,
,21,7,3,2,19,183.79,0.341376974,,,,
,21,7,3,3,20,183.83,0.423780344,,,,
,21,7,3,4,21,183.88,0.529592859,,,,
,21,7,3,5,22,183.92,0.719205751,,,,
,21,7,3,6,23,183.96,0.478448032,,,,
,21,7,4,7,0,184.00,0.489906905,,,,
,21,7,4,8,1,184.04,0.537696206,,,,
,21,7,4,9,2,184.08,0.669598751,,,,
,21,7,4,10,3,184.13,0.670765378,,,,
,21,7,4,11,4,184.17,0.362722131,,,,
,21,7,4,12,5,184.21,0.308574711,,,,
,21,7,4,13,6,184.25,0.591413505,,,,
,21,7,4,14,7,184.29,0.446862479,,,,
,21,7,4,15,8,184.33,0.283459816,,,,
,21,7,4,16,9,184.38,0.436454749,,,,
,21,7,4,17,10,184.42,0.335754183,,,,
,21,7,4,18,11,184.46,0.672317935,,,,
,21,7,4,19,12,184.50,0.56303382,,,,
,21,7,4,20,13,184.54,0.232508249,,,,
,21,7,4,21,14,184.58,0.48563811,,,,
,21,7,4,22,15,184.63,0.28015555,,,,
,21,7,4,23,16,184.67,0.441962644,,,,
,21,7,4,0,17,184.71,0.369789064,,,,
,21,7,4,1,18,184.75,0.265101343,,,,
,21,7,4,2,19,184.79,0.35543778,,,,
,21,7,4,3,20,184.83,0.420666981,,,,
,21,7,4,4,21,184.88,0.519533349,,,,
,21,7,4,5,22,184.92,0.71859769,,,,
,21,7,4,6,23,184.96,0.488422107,,,,
,21,7,5,7,0,185.00,0.500799552,,,,
,21,7,5,8,1,185.04,0.548845746,,,,
,21,7,5,9,2,185.08,0.650057742,,,,
,21,7,5,10,3,185.13,0.607168277,,,,
,21,7,5,11,4,185.17,0.309978789,,,,
,21,7,5,12,5,185.21,0.266755244,,,,
,21,7,5,13,6,185.25,0.544209286,,,,
,21,7,5,14,7,185.29,0.469598751,,,,
,21,7,5,15,8,185.33,0.269386048,,,,
,21,7,5,16,9,185.38,0.395288122,,,,
,21,7,5,17,10,185.42,0.54938428,,,,
,21,7,5,18,11,185.46,0.742827598,,,,
,21,7,5,19,12,185.50,0.537922461,,,,
,21,7,5,20,13,185.54,0.263334315,,,,
,21,7,5,21,14,185.58,0.471886637,,,,
,21,7,5,22,15,185.63,0.3065284,,,,
,21,7,5,23,16,185.67,0.498304855,,,,
,21,7,5,0,17,185.71,0.343069762,,,,
,21,7,5,1,18,185.75,0.285090738,,,,
,21,7,5,2,19,185.79,0.366473014,,,,
,21,7,5,3,20,185.83,0.423496347,,,,
,21,7,5,4,21,185.88,0.518230026,,,,
,21,7,5,5,22,185.92,0.728797431,,,,
,21,7,5,6,23,185.96,0.493261843,,,,
,21,7,6,7,0,186.00,0.501733443,,,,
,21,7,6,8,1,186.04,0.572474664,,,,
,21,7,6,9,2,186.08,0.645902663,,,,
,21,7,6,10,3,186.13,0.563967712,,,,
,21,7,6,11,4,186.17,0.31201037,,,,
,21,7,6,12,5,186.21,0.297026279,,,,
,21,7,6,13,6,186.25,0.541252651,,,,
,21,7,6,14,7,186.29,0.48398362,,,,
,21,7,6,15,8,186.33,0.282196559,,,,
,21,7,6,16,9,186.38,0.347089324,,,,
,21,7,6,17,10,186.42,0.469076715,,,,
,21,7,6,18,11,186.46,0.730165567,,,,
,21,7,6,19,12,186.50,0.497910676,,,,
,21,7,6,20,13,186.54,0.272905374,,,,
,21,7,6,21,14,186.58,0.406754655,,,,
,21,7,6,22,15,186.63,0.284585788,,,,
,21,7,6,23,16,186.67,0.558912915,,,,
,21,7,6,0,17,186.71,0.324724252,,,,
,21,7,6,1,18,186.75,0.320455456,,,,
,21,7,6,2,19,186.79,0.382903606,,,,
,21,7,6,3,20,186.83,0.43554148,,,,
,21,7,6,4,21,186.88,0.512266085,,,,
,21,7,6,5,22,186.92,0.714120905,,,,
,21,7,6,6,23,186.96,0.503734386,,,,
,21,7,7,7,0,187.00,0.480509074,,,,
,21,7,7,8,1,187.04,0.582527693,,,,
,21,7,7,9,2,187.08,0.612777516,,,,
,21,7,7,10,3,187.13,0.54013375,,,,
,21,7,7,11,4,187.17,0.382814047,,,,
,21,7,7,12,5,187.21,0.273706693,,,,
,21,7,7,13,6,187.25,0.43211407,,,,
,21,7,7,14,7,187.29,0.622868843,,,,
,21,7,7,15,8,187.33,0.28336024,,,,
,21,7,7,16,9,187.38,0.353148716,,,,
,21,7,7,17,10,187.42,0.506835376,,,,
,21,7,7,18,11,187.46,0.742494697,,,,
,21,7,7,19,12,187.50,0.519226962,,,,
,21,7,7,20,13,187.54,0.192033938,,,,
,21,7,7,21,14,187.58,0.36638699,,,,
,21,7,7,22,15,187.63,0.356963823,,,,
,21,7,7,23,16,187.67,0.536740514,,,,
,21,7,7,0,17,187.71,0.269426703,,,,
,21,7,7,1,18,187.75,0.476179001,,,,
,21,7,7,2,19,187.79,0.437079896,,,,
,21,7,7,3,20,187.83,0.474657082,,,,
,21,7,7,4,21,187.88,0.523977139,,,,
,21,7,7,5,22,187.92,0.730276337,,,,
,21,7,7,6,23,187.96,0.524047254,,,,
,21,7,8,7,0,188.00,0.430451921,,,,
,21,7,8,8,1,188.04,0.557246052,,,,
,21,7,8,9,2,188.08,0.591216121,,,,
,21,7,8,10,3,188.13,0.496441197,,,,
,21,7,8,11,4,188.17,0.351403488,,,,
,21,7,8,12,5,188.21,0.128112185,,,,
,21,7,8,13,6,188.25,0.39242576,,,,
,21,7,8,14,7,188.29,0.610829012,,,,
,21,7,8,15,8,188.33,0.206716946,,,,
,21,7,8,16,9,188.38,0.37008131,,,,
,21,7,8,17,10,188.42,0.502049847,,,,
,21,7,8,18,11,188.46,0.710216239,,,,
,21,7,8,19,12,188.50,0.517535942,,,,
,21,7,8,20,13,188.54,0.207530049,,,,
,21,7,8,21,14,188.58,0.349745463,,,,
,21,7,8,22,15,188.63,0.388827481,,,,
,21,7,8,23,16,188.67,0.432491162,,,,
,21,7,8,0,17,188.71,0.248230615,,,,
,21,7,8,1,18,188.75,0.336807094,,,,
,21,7,8,2,19,188.79,0.362567759,,,,
,21,7,8,3,20,188.83,0.42692906,,,,
,21,7,8,4,21,188.88,0.480493165,,,,
,21,7,8,5,22,188.92,0.71922873,,,,
,21,7,8,6,23,188.96,0.480282819,,,,
,21,7,9,7,0,189.00,0.412827009,,,,
,21,7,9,8,1,189.04,0.553563516,,,,
,21,7,9,9,2,189.08,0.587089913,,,,
,21,7,9,10,3,189.13,0.477466415,,,,
,21,7,9,11,4,189.17,0.4048963,,,,
,21,7,9,12,5,189.21,0.008030874,,,,
,21,7,9,13,6,189.25,0.334244638,,,,
,21,7,9,14,7,189.29,0.632134103,,,,
,21,7,9,15,8,189.33,0.162023922,,,,
,21,7,9,16,9,189.38,0.361118313,,,,
,21,7,9,17,10,189.42,0.510601579,,,,
,21,7,9,18,11,189.46,0.721388169,,,,
,21,7,9,19,12,189.50,0.513242988,,,,
,21,7,9,20,13,189.54,0.195414801,,,,
,21,7,9,21,14,189.58,0.295836083,,,,
,21,7,9,22,15,189.63,0.436651544,,,,
,21,7,9,23,16,189.67,0.494407259,,,,
,21,7,9,0,17,189.71,0.23422107,,,,
,21,7,9,1,18,189.75,0.278643648,,,,
,21,7,9,2,19,189.79,0.376461819,,,,
,21,7,9,3,20,189.83,0.428835729,,,,
,21,7,9,4,21,189.88,0.479189842,,,,
,21,7,9,5,22,189.92,0.58898362,,,,
,21,7,9,6,23,189.96,0.521525454,,,,
,21,7,10,7,0,190.00,0.45430238,,,,
,21,7,10,8,1,190.04,0.542247231,,,,
,21,7,10,9,2,190.08,0.601944968,,,,
,21,7,10,10,3,190.13,0.434036649,,,,
,21,7,10,11,4,190.17,0.490146712,,,,
,21,7,10,12,5,190.21,0,,,,
,21,7,10,13,6,190.25,0.417356234,,,,
,21,7,10,14,7,190.29,0.583638346,,,,
,21,7,10,15,8,190.33,0.200162032,,,,
,21,7,10,16,9,190.38,0.353356705,,,,
,21,7,10,17,10,190.42,0.502518855,,,,
,21,7,10,18,11,190.46,0.722681475,,,,
,21,7,10,19,12,190.50,0.487276691,,,,
,21,7,10,20,13,190.54,0.17649128,,,,
,21,7,10,21,14,190.58,0.297646712,,,,
,21,7,10,22,15,190.63,0.50107589,,,,
,21,7,10,23,16,190.67,0.478097455,,,,
,21,7,10,0,17,190.71,0.11750766,,,,
,21,7,10,1,18,190.75,0.370755951,,,,
,21,7,10,2,19,190.79,0.377767499,,,,
,21,7,10,3,20,190.83,0.436732265,,,,
,21,7,10,4,21,190.88,0.470842564,,,,
,21,7,10,5,22,190.92,0.487224841,,,,
,21,7,10,6,23,190.96,0.58839795,,,,
,21,7,11,7,0,191.00,0.51689901,,,,
,21,7,11,8,1,191.04,0.569153901,,,,
,21,7,11,9,2,191.08,0.634101461,,,,
,21,7,11,10,3,191.13,0.397627858,,,,
,21,7,11,11,4,191.17,0.717822296,,,,
,21,7,11,12,5,191.21,0.145368843,,,,
,21,7,11,13,6,191.25,0.45241869,,,,
,21,7,11,14,7,191.29,0.518147537,,,,
,21,7,11,15,8,191.33,0.372921871,,,,
,21,7,11,16,9,191.38,0.382317346,,,,
,21,7,11,17,10,191.42,0.524227551,,,,
,21,7,11,18,11,191.46,0.744909262,,,,
,21,7,11,19,12,191.50,0.487849988,,,,
,21,7,11,20,13,191.54,0.222739218,,,,
,21,7,11,21,14,191.58,0.277333844,,,,
,21,7,11,22,15,191.63,0.46175819,,,,
,21,7,11,23,16,191.67,0.357714471,,,,
,21,7,11,0,17,191.71,0.337994344,,,,
,21,7,11,1,18,191.75,0.431487155,,,,
,21,7,11,2,19,191.79,0.460470186,,,,
,21,7,11,3,20,191.83,0.49498527,,,,
,21,7,11,4,21,191.88,0.533357294,,,,
,21,7,11,5,22,191.92,0.479362479,,,,
,21,7,11,6,23,191.96,0.672781051,,,,
,21,7,12,7,0,192.00,0.571649187,,,,
,21,7,12,8,1,192.04,0.515427174,,,,
,21,7,12,9,2,192.08,0.633554089,,,,
,21,7,12,10,3,192.13,0.374020151,,,,
,21,7,12,11,4,192.17,0.722664978,,,,
,21,7,12,12,5,192.21,0.161203158,,,,
,21,7,12,13,6,192.25,0.450661678,,,,
,21,7,12,14,7,192.29,0.445144945,,,,
,21,7,12,15,8,192.33,0.455746524,,,,
,21,7,12,16,9,192.38,0.352194791,,,,
,21,7,12,17,10,192.42,0.514516262,,,,
,21,7,12,18,11,192.46,0.734238157,,,,
,21,7,12,19,12,192.50,0.481049375,,,,
,21,7,12,20,13,192.54,0.278427999,,,,
,21,7,12,21,14,192.58,0.204582842,,,,
,21,7,12,22,15,192.63,0.436997407,,,,
,21,7,12,23,16,192.67,0.30778223,,,,
,21,7,12,0,17,192.71,0.652719185,,,,
,21,7,12,1,18,192.75,0.385925053,,,,
,21,7,12,2,19,192.79,0.394037238,,,,
,21,7,12,3,20,192.83,0.43362008,,,,
,21,7,12,4,21,192.88,0.482330309,,,,
,21,7,12,5,22,192.92,0.419817935,,,,
,21,7,12,6,23,192.96,0.603986566,,,,
,21,7,13,7,0,193.00,0.623932948,,,,
,21,7,13,8,1,193.04,0.562778105,,,,
,21,7,13,9,2,193.08,0.624394886,,,,
,21,7,13,10,3,193.13,0.407955456,,,,
,21,7,13,11,4,193.17,0.621838322,,,,
,21,7,13,12,5,193.21,0.248818642,,,,
,21,7,13,13,6,193.25,0.4761572,,,,
,21,7,13,14,7,193.29,0.377303794,,,,
,21,7,13,15,8,193.33,0.625167924,,,,
,21,7,13,16,9,193.38,0.339767853,,,,
,21,7,13,17,10,193.42,0.518905845,,,,
,21,7,13,18,11,193.46,0.73044485,,,,
,21,7,13,19,12,193.50,0.468562927,,,,
,21,7,13,20,13,193.54,0.297901838,,,,
,21,7,13,21,14,193.58,0.185132571,,,,
,21,7,13,22,15,193.63,0.444608178,,,,
,21,7,13,23,16,193.67,0.372116427,,,,
,21,7,13,0,17,193.71,0.595335258,,,,
,21,7,13,1,18,193.75,0.313648951,,,,
,21,7,13,2,19,193.79,0.447163564,,,,
,21,7,13,3,20,193.83,0.437323238,,,,
,21,7,13,4,21,193.88,0.473611831,,,,
,21,7,13,5,22,193.92,0.44160264,,,,
,21,7,13,6,23,193.96,0.597504714,,,,
,21,7,14,7,0,194.00,0.626827716,,,,
,21,7,14,8,1,194.04,0.548270681,,,,
,21,7,14,9,2,194.08,0.56919868,,,,
,21,7,14,10,3,194.13,0.380870846,,,,
,21,7,14,11,4,194.17,0.500078364,,,,
,21,7,14,12,5,194.21,0.33733679,,,,
,21,7,14,13,6,194.25,0.445606293,,,,
,21,7,14,14,7,194.29,0.353014377,,,,
,21,7,14,15,8,194.33,0.641957342,,,,
,21,7,14,16,9,194.38,0.328409144,,,,
,21,7,14,17,10,194.42,0.513373203,,,,
,21,7,14,18,11,194.46,0.734674758,,,,
,21,7,14,19,12,194.50,0.429314165,,,,
,21,7,14,20,13,194.54,0.204701862,,,,
,21,7,14,21,14,194.58,0.224626444,,,,
,21,7,14,22,15,194.63,0.439956399,,,,
,21,7,14,23,16,194.67,0.385025336,,,,
,21,7,14,0,17,194.71,0.271347514,,,,
,21,7,14,1,18,194.75,0.290190313,,,,
,21,7,14,2,19,194.79,0.491385223,,,,
,21,7,14,3,20,194.83,0.44705456,,,,
,21,7,14,4,21,194.88,0.465887344,,,,
,21,7,14,5,22,194.92,0.424954042,,,,
,21,7,14,6,23,194.96,0.549489159,,,,
,21,7,15,7,0,195.00,0.601137756,,,,
,21,7,15,8,1,195.04,0.585899717,,,,
,21,7,15,9,2,195.08,0.504806741,,,,
,21,7,15,10,3,195.13,0.391440608,,,,
,21,7,15,11,4,195.17,0.474094391,,,,
,21,7,15,12,5,195.21,0.347805798,,,,
,21,7,15,13,6,195.25,0.467273745,,,,
,21,7,15,14,7,195.29,0.345709404,,,,
,21,7,15,15,8,195.33,0.477467004,,,,
,21,7,15,16,9,195.38,0.329942847,,,,
,21,7,15,17,10,195.42,0.49827127,,,,
,21,7,15,18,11,195.46,0.710547961,,,,
,21,7,15,19,12,195.50,0.389457342,,,,
,21,7,15,20,13,195.54,0.27582371,,,,
,21,7,15,21,14,195.58,0.238237096,,,,
,21,7,15,22,15,195.63,0.450852581,,,,
,21,7,15,23,16,195.67,0.386252062,,,,
,21,7,15,0,17,195.71,0.326203747,,,,
,21,7,15,1,18,195.75,0.244813222,,,,
,21,7,15,2,19,195.79,0.502041009,,,,
,21,7,15,3,20,195.83,0.481412326,,,,
,21,7,15,4,21,195.88,0.516940255,,,,
,21,7,15,5,22,195.92,0.448911737,,,,
,21,7,15,6,23,195.96,0.53098692,,,,
,21,7,29,7,0,209.00,0.632037473,,,,
,21,7,29,8,1,209.04,0.619340679,,,,
,21,7,29,9,2,209.08,0.523863422,,,,
,21,7,29,10,3,209.13,0.584314165,,,,
,21,7,29,11,4,209.17,0.463480438,,,,
,21,7,29,12,5,209.21,0.510651662,,,,
,21,7,29,13,6,209.25,0.442300848,,,,
,21,7,29,14,7,209.29,0.664572237,,,,
,21,7,29,15,8,209.33,0.425629861,,,,
,21,7,29,16,9,209.38,0.548416215,,,,
,21,7,29,17,10,209.42,0.737838204,,,,
,21,7,29,18,11,209.46,0.503977139,,,,
,21,7,29,19,12,209.50,0.43517794,,,,
,21,7,29,20,13,209.54,0.337860005,,,,
,21,7,29,21,14,209.58,0.542068701,,,,
,21,7,29,22,15,209.63,0.515467829,,,,
,21,7,29,23,16,209.67,0.445176173,,,,
,21,7,29,0,17,209.71,0.39253712,,,,
,21,7,29,1,18,209.75,0.535078364,,,,
,21,7,29,2,19,209.79,0.555846099,,,,
,21,7,29,3,20,209.83,0.56583078,,,,
,21,7,29,4,21,209.88,0.508432123,,,,
,21,7,29,5,22,209.92,0.630116663,,,,
,21,7,29,6,23,209.96,0.651256187,,,,
,21,8,1,7,0,212.00,0.692932477,,,,
,21,8,1,8,1,212.04,0.732652604,,,,
,21,8,1,9,2,212.08,0.519091445,,,,
,21,8,1,10,3,212.13,0.42927292,,,,
,21,8,1,11,4,212.17,0.651289182,,,,
,21,8,1,12,5,212.21,0.543158732,,,,
,21,8,1,13,6,212.25,0.457264318,,,,
,21,8,1,14,7,212.29,0.598242988,,,,
,21,8,1,15,8,212.33,0.379607589,,,,
,21,8,1,16,9,212.38,0.652827009,,,,
,21,8,1,17,10,212.42,0.680395946,,,,
,21,8,1,18,11,212.46,0.280390643,,,,
,21,8,1,19,12,212.50,0.703066816,,,,
,21,8,1,20,13,212.54,0.384202805,,,,
,21,8,1,21,14,212.58,0.52367959,,,,
,21,8,1,22,15,212.63,0.470629861,,,,
,21,8,1,23,16,212.67,0.439834433,,,,
,21,8,1,0,17,212.71,0.440654018,,,,
,21,8,1,1,18,212.75,0.543984798,,,,
,21,8,1,2,19,212.79,0.596579661,,,,
,21,8,1,3,20,212.83,0.723945911,,,,
,21,8,1,4,21,212.88,0.563172284,,,,
,21,8,1,5,22,212.92,0.611191963,,,,
,21,8,1,6,23,212.96,0.620005303,,,,
,21,8,2,7,0,213.00,0.711165449,,,,
,21,8,2,8,1,213.04,0.683180533,,,,
,21,8,2,9,2,213.08,0.578354938,,,,
,21,8,2,10,3,213.13,0.490263964,,,,
,21,8,2,11,4,213.17,0.679975253,,,,
,21,8,2,12,5,213.21,0.576206693,,,,
,21,8,2,13,6,213.25,0.497966062,,,,
,21,8,2,14,7,213.29,0.559390172,,,,
,21,8,2,15,8,213.33,0.477894768,,,,
,21,8,2,16,9,213.38,0.723512255,,,,
,21,8,2,17,10,213.42,0.661119491,,,,
,21,8,2,18,11,213.46,0.357205986,,,,
,21,8,2,19,12,213.50,0.654664153,,,,
,21,8,2,20,13,213.54,0.429850931,,,,
,21,8,2,21,14,213.58,0.559122083,,,,
,21,8,2,22,15,213.63,0.469368371,,,,
,21,8,2,23,16,213.67,0.455586849,,,,
,21,8,2,0,17,213.71,0.455507306,,,,
,21,8,2,1,18,213.75,0.57305621,,,,
,21,8,2,2,19,213.79,0.676665685,,,,
,21,8,2,3,20,213.83,0.738404431,,,,
,21,8,2,4,21,213.88,0.610285176,,,,
,21,8,2,5,22,213.92,0.623266557,,,,
,21,8,2,6,23,213.96,0.6414247,,,,
,21,8,3,7,0,214.00,0.720362362,,,,
,21,8,3,8,1,214.04,0.663354938,,,,
,21,8,3,9,2,214.08,0.508719656,,,,
,21,8,3,10,3,214.13,0.453470422,,,,
,21,8,3,11,4,214.17,0.65182477,,,,
,21,8,3,12,5,214.21,0.554538063,,,,
,21,8,3,13,6,214.25,0.477000943,,,,
,21,8,3,14,7,214.29,0.477479967,,,,
,21,8,3,15,8,214.33,0.559248763,,,,
,21,8,3,16,9,214.38,0.744842093,,,,
,21,8,3,17,10,214.42,0.60910205,,,,
,21,8,3,18,11,214.46,0.372692081,,,,
,21,8,3,19,12,214.50,0.612445204,,,,
,21,8,3,20,13,214.54,0.464915154,,,,
,21,8,3,21,14,214.58,0.572646712,,,,
,21,8,3,22,15,214.63,0.435590384,,,,
,21,8,3,23,16,214.67,0.450085435,,,,
,21,8,3,0,17,214.71,0.496432359,,,,
,21,8,3,1,18,214.75,0.568667217,,,,
,21,8,3,2,19,214.79,0.622343271,,,,
,21,8,3,3,20,214.83,0.72857589,,,,
,21,8,3,4,21,214.88,0.607498822,,,,
,21,8,3,5,22,214.92,0.620147301,,,,
,21,8,3,6,23,214.96,0.644171577,,,,
,21,8,4,7,0,215.00,0.670358826,,,,
,21,8,4,8,1,215.04,0.644253476,,,,
,21,8,4,9,2,215.08,0.522346217,,,,
,21,8,4,10,3,215.13,0.454165685,,,,
,21,8,4,11,4,215.17,0.647035117,,,,
,21,8,4,12,5,215.21,0.556011077,,,,
,21,8,4,13,6,215.25,0.488651897,,,,
,21,8,4,14,7,215.29,0.489588145,,,,
,21,8,4,15,8,215.33,0.565280462,,,,
,21,8,4,16,9,215.38,0.762011548,,,,
,21,8,4,17,10,215.42,0.606893707,,,,
,21,8,4,18,11,215.46,0.404270563,,,,
,21,8,4,19,12,215.50,0.60055621,,,,
,21,8,4,20,13,215.54,0.455820764,,,,
,21,8,4,21,14,215.58,0.64092741,,,,
,21,8,4,22,15,215.63,0.40410971,,,,
,21,8,4,23,16,215.67,0.485436601,,,,
,21,8,4,0,17,215.71,0.496002239,,,,
,21,8,4,1,18,215.75,0.572172402,,,,
,21,8,4,2,19,215.79,0.627665567,,,,
,21,8,4,3,20,215.83,0.731331016,,,,
,21,8,4,4,21,215.88,0.622213057,,,,
,21,8,4,5,22,215.92,0.614400778,,,,
,21,8,4,6,23,215.96,0.644075536,,,,
,21,8,5,7,0,216.00,0.66401367,,,,
,21,8,5,8,1,216.04,0.640826066,,,,
,21,8,5,9,2,216.08,0.53763375,,,,
,21,8,5,10,3,216.13,0.44982913,,,,
,21,8,5,11,4,216.17,0.58833844,,,,
,21,8,5,12,5,216.21,0.620256894,,,,
,21,8,5,13,6,216.25,0.50546724,,,,
,21,8,5,14,7,216.29,0.488942965,,,,
,21,8,5,15,8,216.33,0.586402899,,,,
,21,8,5,16,9,216.38,0.754897478,,,,
,21,8,5,17,10,216.42,0.628684304,,,,
,21,8,5,18,11,216.46,0.403969479,,,,
,21,8,5,19,12,216.50,0.591554914,,,,
,21,8,5,20,13,216.54,0.493625972,,,,
,21,8,5,21,14,216.58,0.645674051,,,,
,21,8,5,22,15,216.63,0.427161796,,,,
,21,8,5,23,16,216.67,0.51372378,,,,
,21,8,5,0,17,216.71,0.517988452,,,,
,21,8,5,1,18,216.75,0.587852345,,,,
,21,8,5,2,19,216.79,0.618498704,,,,
,21,8,5,3,20,216.83,0.736054089,,,,
,21,8,5,4,21,216.88,0.646280344,,,,
,21,8,5,5,22,216.92,0.596807094,,,,
,21,8,5,6,23,216.96,0.649688899,,,,
,21,8,6,7,0,217.00,0.668672519,,,,
,21,8,6,8,1,217.04,0.640236861,,,,
,21,8,6,9,2,217.08,0.587435777,,,,
,21,8,6,10,3,217.13,0.426996229,,,,
,21,8,6,11,4,217.17,0.566036413,,,,
,21,8,6,12,5,217.21,0.681714,,,,
,21,8,6,13,6,217.25,0.522583667,,,,
,21,8,6,14,7,217.29,0.491415272,,,,
,21,8,6,15,8,217.33,0.616329248,,,,
,21,8,6,16,9,217.38,0.752139995,,,,
,21,8,6,17,10,217.42,0.652713292,,,,
,21,8,6,18,11,217.46,0.413298963,,,,
,21,8,6,19,12,217.50,0.552760429,,,,
,21,8,6,20,13,217.54,0.611394061,,,,
,21,8,6,21,14,217.58,0.668364365,,,,
,21,8,6,22,15,217.63,0.485803087,,,,
,21,8,6,23,16,217.67,0.571294485,,,,
,21,8,6,0,17,217.71,0.517409852,,,,
,21,8,6,1,18,217.75,0.593230615,,,,
,21,8,6,2,19,217.79,0.623082724,,,,
,21,8,6,3,20,217.83,0.754331841,,,,
,21,8,6,4,21,217.88,0.654613481,,,,
,21,8,6,5,22,217.92,0.605774216,,,,
,21,8,6,6,23,217.96,0.622979613,,,,
,21,8,7,7,0,218.00,0.680487862,,,,
,21,8,7,8,1,218.04,0.651494226,,,,
,21,8,7,9,2,218.08,0.623631864,,,,
,21,8,7,10,3,218.13,0.398424464,,,,
,21,8,7,11,4,218.17,0.578527575,,,,
,21,8,7,12,5,218.21,0.705996347,,,,
,21,8,7,13,6,218.25,0.527712114,,,,
,21,8,7,14,7,218.29,0.467808155,,,,
,21,8,7,15,8,218.33,0.652889465,,,,
,21,8,7,16,9,218.38,0.752536531,,,,
,21,8,7,17,10,218.42,0.664937544,,,,
,21,8,7,18,11,218.46,0.434394886,,,,
,21,8,7,19,12,218.50,0.532150012,,,,
,21,8,7,20,13,218.54,0.582140584,,,,
,21,8,7,21,14,218.58,0.6243395,,,,
,21,8,7,22,15,218.63,0.360236272,,,,
,21,8,7,23,16,218.67,0.538632453,,,,
,21,8,7,0,17,218.71,0.592474075,,,,
,21,8,7,1,18,218.75,0.614903959,,,,
,21,8,7,2,19,218.79,0.634483267,,,,
,21,8,7,3,20,218.83,0.756019915,,,,
,21,8,7,4,21,218.88,0.665774216,,,,
,21,8,7,5,22,218.92,0.588648951,,,,
,21,8,7,6,23,218.96,0.693136342,,,,
,21,8,8,7,0,219.00,0.668571765,,,,
,21,8,8,8,1,219.04,0.622224252,,,,
,21,8,8,9,2,219.08,0.665661089,,,,
,21,8,8,10,3,219.13,0.342609003,,,,
,21,8,8,11,4,219.17,0.573808037,,,,
,21,8,8,12,5,219.21,0.709728965,,,,
,21,8,8,13,6,219.25,0.500895593,,,,
,21,8,8,14,7,219.29,0.526245581,,,,
,21,8,8,15,8,219.33,0.642971954,,,,
,21,8,8,16,9,219.38,0.769350106,,,,
,21,8,8,17,10,219.42,0.651211407,,,,
,21,8,8,18,11,219.46,0.457468772,,,,
,21,8,8,19,12,219.50,0.500675819,,,,
,21,8,8,20,13,219.54,0.60295958,,,,
,21,8,8,21,14,219.58,0.570191492,,,,
,21,8,8,22,15,219.63,0.482131157,,,,
,21,8,8,23,16,219.67,0.571449446,,,,
,21,8,8,0,17,219.71,0.546995051,,,,
,21,8,8,1,18,219.75,0.59602404,,,,
,21,8,8,2,19,219.79,0.628374971,,,,
,21,8,8,3,20,219.83,0.738873439,,,,
,21,8,8,4,21,219.88,0.657097572,,,,
,21,8,8,5,22,219.92,0.628734975,,,,
,21,8,8,6,23,219.96,0.673102168,,,,
,21,8,9,7,0,220.00,0.72258897,,,,
,21,8,9,8,1,220.04,0.683491633,,,,
,21,8,9,9,2,220.08,0.801095333,,,,
,21,8,9,10,3,220.13,0.51131275,,,,
,21,8,9,11,4,220.17,0.641499529,,,,
,21,8,9,12,5,220.21,0.701655079,,,,
,21,8,9,13,6,220.25,0.561660971,,,,
,21,8,9,14,7,220.29,0.58309333,,,,
,21,8,9,15,8,220.33,0.670343507,,,,
,21,8,9,16,9,220.38,0.77529637,,,,
,21,8,9,17,10,220.42,0.680669927,,,,
,21,8,9,18,11,220.46,0.502396889,,,,
,21,8,9,19,12,220.50,0.498624205,,,,
,21,8,9,20,13,220.54,0.628314872,,,,
,21,8,9,21,14,220.58,0.559445557,,,,
,21,8,9,22,15,220.63,0.785153783,,,,
,21,8,9,23,16,220.67,0.581566109,,,,
,21,8,9,0,17,220.71,0.560655197,,,,
,21,8,9,1,18,220.75,0.606553736,,,,
,21,8,9,2,19,220.79,0.700591563,,,,
,21,8,9,3,20,220.83,0.723626561,,,,
,21,8,9,4,21,220.88,0.746652133,,,,
,21,8,9,5,22,220.92,0.750826066,,,,
,21,8,9,6,23,220.96,0.721792364,,,,
,21,8,10,7,0,221.00,0.682552439,,,,
,21,8,10,8,1,221.04,0.634147419,,,,
,21,8,10,9,2,221.08,0.796399364,,,,
,21,8,10,10,3,221.13,0.510767146,,,,
,21,8,10,11,4,221.17,0.62793778,,,,
,21,8,10,12,5,221.21,0.659129743,,,,
,21,8,10,13,6,221.25,0.643270092,,,,
,21,8,10,14,7,221.29,0.562831723,,,,
,21,8,10,15,8,221.33,0.678423285,,,,
,21,8,10,16,9,221.38,0.768400896,,,,
,21,8,10,17,10,221.42,0.683245345,,,,
,21,8,10,18,11,221.46,0.517776337,,,,
,21,8,10,19,12,221.50,0.525653429,,,,
,21,8,10,20,13,221.54,0.637480556,,,,
,21,8,10,21,14,221.58,0.598090973,,,,
,21,8,10,22,15,221.63,0.730444261,,,,
,21,8,10,23,16,221.67,0.662636107,,,,
,21,8,10,0,17,221.71,0.571332194,,,,
,21,8,10,1,18,221.75,0.598957695,,,,
,21,8,10,2,19,221.79,0.666594391,,,,
,21,8,10,3,20,221.83,0.649601697,,,,
,21,8,10,4,21,221.88,0.722441079,,,,
,21,8,10,5,22,221.92,0.716591445,,,,
,21,8,10,6,23,221.96,0.673343153,,,,
,21,8,11,7,0,222.00,0.721041127,,,,
,21,8,11,8,1,222.04,0.695846689,,,,
,21,8,11,9,2,222.08,0.77089795,,,,
,21,8,11,10,3,222.13,0.642604879,,,,
,21,8,11,11,4,222.17,0.707716828,,,,
,21,8,11,12,5,222.21,0.678834551,,,,
,21,8,11,13,6,222.25,0.75397655,,,,
,21,8,11,14,7,222.29,0.650671695,,,,
,21,8,11,15,8,222.33,0.703339618,,,,
,21,8,11,16,9,222.38,0.772845864,,,,
,21,8,11,17,10,222.42,0.678735564,,,,
,21,8,11,18,11,222.46,0.531959109,,,,
,21,8,11,19,12,222.50,0.509757247,,,,
,21,8,11,20,13,222.54,0.632186543,,,,
,21,8,11,21,14,222.58,0.586554325,,,,
,21,8,11,22,15,222.63,0.463489276,,,,
,21,8,11,23,16,222.67,0.615215649,,,,
,21,8,11,0,17,222.71,0.666168984,,,,
,21,8,11,1,18,222.75,0.666725194,,,,
,21,8,11,2,19,222.79,0.746088852,,,,
,21,8,11,3,20,222.83,0.699845039,,,,
,21,8,11,4,21,222.88,0.758911148,,,,
,21,8,11,5,22,222.92,0.766599104,,,,
,21,8,11,6,23,222.96,0.712869432,,,,
,21,8,12,7,0,223.00,0.701841857,,,,
,21,8,12,8,1,223.04,0.672712703,,,,
,21,8,12,9,2,223.08,0.734168041,,,,
,21,8,12,10,3,223.13,0.638808626,,,,
,21,8,12,11,4,223.17,0.676144238,,,,
,21,8,12,12,5,223.21,0.664519208,,,,
,21,8,12,13,6,223.25,0.802035706,,,,
,21,8,12,14,7,223.29,0.596586142,,,,
,21,8,12,15,8,223.33,0.700765378,,,,
,21,8,12,16,9,223.38,0.766105939,,,,
,21,8,12,17,10,223.42,0.662503535,,,,
,21,8,12,18,11,223.46,0.560579778,,,,
,21,8,12,19,12,223.50,0.514542776,,,,
,21,8,12,20,13,223.54,0.630295192,,,,
,21,8,12,21,14,223.58,0.594969361,,,,
,21,8,12,22,15,223.63,0.620827834,,,,
,21,8,12,23,16,223.67,0.562161207,,,,
,21,8,12,0,17,223.71,0.613695498,,,,
,21,8,12,1,18,223.75,0.642756894,,,,
,21,8,12,2,19,223.79,0.698577657,,,,
,21,8,12,3,20,223.83,0.654635282,,,,
,21,8,12,4,21,223.88,0.740364718,,,,
,21,8,12,5,22,223.92,0.759424935,,,,
,21,8,12,6,23,223.96,0.698349635,,,,
,21,8,13,7,0,224.00,0.663592977,,,,
,21,8,13,8,1,224.04,0.647713882,,,,
,21,8,13,9,2,224.08,0.690501414,,,,
,21,8,13,10,3,224.13,0.625909734,,,,
,21,8,13,11,4,224.17,0.645317582,,,,
,21,8,13,12,5,224.21,0.620453099,,,,
,21,8,13,13,6,224.25,0.757815225,,,,
,21,8,13,14,7,224.29,0.55709227,,,,
,21,8,13,15,8,224.33,0.69611242,,,,
,21,8,13,16,9,224.38,0.770985741,,,,
,21,8,13,17,10,224.42,0.605467829,,,,
,21,8,13,18,11,224.46,0.616478906,,,,
,21,8,13,19,12,224.50,0.626397596,,,,
,21,8,13,20,13,224.54,0.652449918,,,,
,21,8,13,21,14,224.58,0.607456988,,,,
,21,8,13,22,15,224.63,0.499921636,,,,
,21,8,13,23,16,224.67,0.572114659,,,,
,21,8,13,0,17,224.71,0.616573769,,,,
,21,8,13,1,18,224.75,0.663424464,,,,
,21,8,13,2,19,224.79,0.706734033,,,,
,21,8,13,3,20,224.83,0.649548079,,,,
,21,8,13,4,21,224.88,0.73290066,,,,
,21,8,13,5,22,224.92,0.755312868,,,,
,21,8,13,6,23,224.96,0.707859416,,,,
,21,8,14,7,0,225.00,0.76309333,,,,
,21,8,14,8,1,225.04,0.746707518,,,,
,21,8,14,9,2,225.08,0.755606293,,,,
,21,8,14,10,3,225.13,0.766085906,,,,
,21,8,14,11,4,225.17,0.736586731,,,,
,21,8,14,12,5,225.21,0.707358591,,,,
,21,8,14,13,6,225.25,0.791312161,,,,
,21,8,14,14,7,225.29,0.693277162,,,,
,21,8,14,15,8,225.33,0.737950742,,,,
,21,8,14,16,9,225.38,0.788214117,,,,
,21,8,14,17,10,225.42,0.576166038,,,,
,21,8,14,18,11,225.46,0.725694674,,,,
,21,8,14,19,12,225.50,0.596244403,,,,
,21,8,14,20,13,225.54,0.647101108,,,,
,21,8,14,21,14,225.58,0.707027457,,,,
,21,8,14,22,15,225.63,0.688714942,,,,
,21,8,14,23,16,225.67,0.715727669,,,,
,21,8,14,0,17,225.71,0.64137226,,,,
,21,8,14,1,18,225.75,0.692906552,,,,
,21,8,14,2,19,225.79,0.743512255,,,,
,21,8,14,3,20,225.83,0.751901956,,,,
,21,8,14,4,21,225.88,0.774039595,,,,
,21,8,14,5,22,225.92,0.758525218,,,,
,21,8,14,6,23,225.96,0.783494579,,,,
,21,8,15,7,0,226.00,0.781528989,,,,
,21,8,15,8,1,226.04,0.753380273,,,,
,21,8,15,9,2,226.08,0.736106528,,,,
,21,8,15,10,3,226.13,0.782078718,,,,
,21,8,15,11,4,226.17,0.735898539,,,,
,21,8,15,12,5,226.21,0.70509663,,,,
,21,8,15,13,6,226.25,0.777402781,,,,
,21,8,15,14,7,226.29,0.655888522,,,,
,21,8,15,15,8,226.33,0.757816993,,,,
,21,8,15,16,9,226.38,0.779761961,,,,
,21,8,15,17,10,226.42,0.578934716,,,,
,21,8,15,18,11,226.46,0.778891115,,,,
,21,8,15,19,12,226.50,0.610814282,,,,
,21,8,15,20,13,226.54,0.660653429,,,,
,21,8,15,21,14,226.58,0.66275218,,,,
,21,8,15,22,15,226.63,0.635276337,,,,
,21,8,15,23,16,226.67,0.616310983,,,,
,21,8,15,0,17,226.71,0.739360712,,,,
,21,8,15,1,18,226.75,0.757567169,,,,
,21,8,15,2,19,226.79,0.792346807,,,,
,21,8,15,3,20,226.83,0.759902192,,,,
,21,8,15,4,21,226.88,0.779899835,,,,
,21,8,15,5,22,226.92,0.754609946,,,,
,21,8,15,6,23,226.96,0.786830662,,,,
,21,8,16,7,0,227.00,0.765959816,,,,
,21,8,16,8,1,227.04,0.711144238,,,,
,21,8,16,9,2,227.08,0.679654725,,,,
,21,8,16,10,3,227.13,0.780641645,,,,
,21,8,16,11,4,227.17,0.713164035,,,,
,21,8,16,12,5,227.21,0.690889111,,,,
,21,8,16,13,6,227.25,0.757169456,,,,
,21,8,16,14,7,227.29,0.624093212,,,,
,21,8,16,15,8,227.33,0.772733915,,,,
,21,8,16,16,9,227.38,0.763681947,,,,
,21,8,16,17,10,227.42,0.548196441,,,,
,21,8,16,18,11,227.46,0.769868018,,,,
,21,8,16,19,12,227.50,0.60232972,,,,
,21,8,16,20,13,227.54,0.646642706,,,,
,21,8,16,21,14,227.58,0.626425289,,,,
,21,8,16,22,15,227.63,0.620882041,,,,
,21,8,16,23,16,227.67,0.598053264,,,,
,21,8,16,0,17,227.71,0.685702333,,,,
,21,8,16,1,18,227.75,0.721552557,,,,
,21,8,16,2,19,227.79,0.781893707,,,,
,21,8,16,3,20,227.83,0.707739807,,,,
,21,8,16,4,21,227.88,0.74859062,,,,
,21,8,16,5,22,227.92,0.731382277,,,,
,21,8,16,6,23,227.96,0.785083667,,,,
,21,8,17,7,0,228.00,0.762316757,,,,
,21,8,17,8,1,228.04,0.706531346,,,,
,21,8,17,9,2,228.08,0.669416097,,,,
,21,8,17,10,3,228.13,0.78468831,,,,
,21,8,17,11,4,228.17,0.709676526,,,,
,21,8,17,12,5,228.21,0.685648126,,,,
,21,8,17,13,6,228.25,0.656037591,,,,
,21,8,17,14,7,228.29,0.710195616,,,,
,21,8,17,15,8,228.33,0.78402074,,,,
,21,8,17,16,9,228.38,0.753267735,,,,
,21,8,17,17,10,228.42,0.549442611,,,,
,21,8,17,18,11,228.46,0.740872025,,,,
,21,8,17,19,12,228.50,0.62776691,,,,
,21,8,17,20,13,228.54,0.658116309,,,,
,21,8,17,21,14,228.58,0.629476196,,,,
,21,8,17,22,15,228.63,0.644786118,,,,
,21,8,17,23,16,228.67,0.660308155,,,,
,21,8,17,0,17,228.71,0.691610299,,,,
,21,8,17,1,18,228.75,0.714605821,,,,
,21,8,17,2,19,228.79,0.79559333,,,,
,21,8,17,3,20,228.83,0.730557978,,,,
,21,8,17,4,21,228.88,0.762709168,,,,
,21,8,17,5,22,228.92,0.73246288,,,,
,21,8,17,6,23,228.96,0.798625383,,,,
,21,8,18,7,0,229.00,0.753196441,,,,
,21,8,18,8,1,229.04,0.70038593,,,,
,21,8,18,9,2,229.08,0.677954867,,,,
,21,8,18,10,3,229.13,0.779556917,,,,
,21,8,18,11,4,229.17,0.725629861,,,,
,21,8,18,12,5,229.21,0.672525925,,,,
,21,8,18,13,6,229.25,0.674975253,,,,
,21,8,18,14,7,229.29,0.715329366,,,,
,21,8,18,15,8,229.33,0.801929649,,,,
,21,8,18,16,9,229.38,0.746592034,,,,
,21,8,18,17,10,229.42,0.574950507,,,,
,21,8,18,18,11,229.46,0.722911855,,,,
,21,8,18,19,12,229.50,0.630636342,,,,
,21,8,18,20,13,229.54,0.683205279,,,,
,21,8,18,21,14,229.58,0.628868725,,,,
,21,8,18,22,15,229.63,0.671366957,,,,
,21,8,18,23,16,229.67,0.630950978,,,,
,21,8,18,0,17,229.71,0.701509545,,,,
,21,8,18,1,18,229.75,0.732119962,,,,
,21,8,18,2,19,229.79,0.788176997,,,,
,21,8,18,3,20,229.83,0.725818996,,,,
,21,8,18,4,21,229.88,0.750759486,,,,
,21,8,18,5,22,229.92,0.728417983,,,,
,21,8,18,6,23,229.96,0.782637874,,,,
,21,8,19,7,0,230.00,0.741233797,,,,
,21,8,19,8,1,230.04,0.685972779,,,,
,21,8,19,9,2,230.08,0.655348221,,,,
,21,8,19,10,3,230.13,0.782283761,,,,
,21,8,19,11,4,230.17,0.704417865,,,,
,21,8,19,12,5,230.21,0.674769031,,,,
,21,8,19,13,6,230.25,0.644489748,,,,
,21,8,19,14,7,230.29,0.707838204,,,,
,21,8,19,15,8,230.33,0.794036649,,,,
,21,8,19,16,9,230.38,0.746317464,,,,
,21,8,19,17,10,230.42,0.59671341,,,,
,21,8,19,18,11,230.46,0.707654961,,,,
,21,8,19,19,12,230.50,0.643836319,,,,
,21,8,19,20,13,230.54,0.699734857,,,,
,21,8,19,21,14,230.58,0.63541539,,,,
,21,8,19,22,15,230.63,0.683730262,,,,
,21,8,19,23,16,230.67,0.633589441,,,,
,21,8,19,0,17,230.71,0.694534527,,,,
,21,8,19,1,18,230.75,0.729191021,,,,
,21,8,19,2,19,230.79,0.784924582,,,,
,21,8,19,3,20,230.83,0.725889701,,,,
,21,8,19,4,21,230.88,0.739932831,,,,
,21,8,19,5,22,230.92,0.724627033,,,,
,21,8,19,6,23,230.96,0.770668159,,,,
,21,8,20,7,0,231.00,0.755610417,,,,
,21,8,20,8,1,231.04,0.70839795,,,,
,21,8,20,9,2,231.08,0.647472897,,,,
,21,8,20,10,3,231.13,0.741295663,,,,
,21,8,20,11,4,231.17,0.749396064,,,,
,21,8,20,12,5,231.21,0.680004714,,,,
,21,8,20,13,6,231.25,0.646980321,,,,
,21,8,20,14,7,231.29,0.732023922,,,,
,21,8,20,15,8,231.33,0.795361183,,,,
,21,8,20,16,9,231.38,0.752942494,,,,
,21,8,20,17,10,231.42,0.587976078,,,,
,21,8,20,18,11,231.46,0.705829012,,,,
,21,8,20,19,12,231.50,0.672015084,,,,
,21,8,20,20,13,231.54,0.692085788,,,,
,21,8,20,21,14,231.58,0.635722366,,,,
,21,8,20,22,15,231.63,0.689513905,,,,
,21,8,20,23,16,231.67,0.648628329,,,,
,21,8,20,0,17,231.71,0.699159793,,,,
,21,8,20,1,18,231.75,0.73226255,,,,
,21,8,20,2,19,231.79,0.801203747,,,,
,21,8,20,3,20,231.83,0.737676173,,,,
,21,8,20,4,21,231.88,0.729811454,,,,
,21,8,20,5,22,231.92,0.725773038,,,,
,21,8,20,6,23,231.96,0.758467476,,,,
,21,8,21,7,0,232.00,0.747154136,,,,
,21,8,21,8,1,232.04,0.723989512,,,,
,21,8,21,9,2,232.08,0.619818525,,,,
,21,8,21,10,3,232.13,0.726567287,,,,
,21,8,21,11,4,232.17,0.764954631,,,,
,21,8,21,12,5,232.21,0.658629507,,,,
,21,8,21,13,6,232.25,0.63468831,,,,
,21,8,21,14,7,232.29,0.738026161,,,,
,21,8,21,15,8,232.33,0.791562574,,,,
,21,8,21,16,9,232.38,0.76269267,,,,
,21,8,21,17,10,232.42,0.589202215,,,,
,21,8,21,18,11,232.46,0.692046312,,,,
,21,8,21,19,12,232.50,0.684898657,,,,
,21,8,21,20,13,232.54,0.676193731,,,,
,21,8,21,21,14,232.58,0.62625383,,,,
,21,8,21,22,15,232.63,0.709218124,,,,
,21,8,21,23,16,232.67,0.656904902,,,,
,21,8,21,0,17,232.71,0.702763375,,,,
,21,8,21,1,18,232.75,0.736763493,,,,
,21,8,21,2,19,232.79,0.817569526,,,,
,21,8,21,3,20,232.83,0.742028046,,,,
,21,8,21,4,21,232.88,0.721063516,,,,
,21,8,21,5,22,232.92,0.728782701,,,,
,21,8,21,6,23,232.96,0.752621966,,,,
,21,8,22,7,0,233.00,0.739677115,,,,
,21,8,22,8,1,233.04,0.73325654,,,,
,21,8,22,9,2,233.08,0.581502475,,,,
,21,8,22,10,3,233.13,0.72612774,,,,
,21,8,22,11,4,233.17,0.778977728,,,,
,21,8,22,12,5,233.21,0.644089677,,,,
,21,8,22,13,6,233.25,0.640833137,,,,
,21,8,22,14,7,233.29,0.728608296,,,,
,21,8,22,15,8,233.33,0.796975607,,,,
,21,8,22,16,9,233.38,0.755408909,,,,
,21,8,22,17,10,233.42,0.608935305,,,,
,21,8,22,18,11,233.46,0.676381098,,,,
,21,8,22,19,12,233.50,0.69906493,,,,
,21,8,22,20,13,233.54,0.670182654,,,,
,21,8,22,21,14,233.58,0.595721188,,,,
,21,8,22,22,15,233.63,0.717652604,,,,
,21,8,22,23,16,233.67,0.651861301,,,,
,21,8,22,0,17,233.71,0.70197325,,,,
,21,8,22,1,18,233.75,0.740017087,,,,
,21,8,22,2,19,233.79,0.805396535,,,,
,21,8,22,3,20,233.83,0.737106411,,,,
,21,8,22,4,21,233.88,0.723100401,,,,
,21,8,22,5,22,233.92,0.738789182,,,,
,21,8,22,6,23,233.96,0.746954395,,,,
,21,8,23,7,0,234.00,0.719761372,,,,
,21,8,23,8,1,234.04,0.771375206,,,,
,21,8,23,9,2,234.08,0.585443672,,,,
,21,8,23,10,3,234.13,0.720723545,,,,
,21,8,23,11,4,234.17,0.783942376,,,,
,21,8,23,12,5,234.21,0.622266085,,,,
,21,8,23,13,6,234.25,0.654835612,,,,
,21,8,23,14,7,234.29,0.739008956,,,,
,21,8,23,15,8,234.33,0.782882395,,,,
,21,8,23,16,9,234.38,0.763202922,,,,
,21,8,23,17,10,234.42,0.618242988,,,,
,21,8,23,18,11,234.46,0.644765496,,,,
,21,8,23,19,12,234.50,0.706686896,,,,
,21,8,23,20,13,234.54,0.65094921,,,,
,21,8,23,21,14,234.58,0.792755126,,,,
,21,8,23,22,15,234.63,0.79714412,,,,
,21,8,23,23,16,234.67,0.725351167,,,,
,21,8,23,0,17,234.71,0.713847514,,,,
,21,8,23,1,18,234.75,0.749407848,,,,
,21,8,23,2,19,234.79,0.805647537,,,,
,21,8,23,3,20,234.83,0.73437662,,,,
,21,8,23,4,21,234.88,0.745054207,,,,
,21,8,23,5,22,234.92,0.727871789,,,,
,21,8,23,6,23,234.96,0.749219892,,,,
,21,8,24,7,0,235.00,0.732806976,,,,
,21,8,24,8,1,235.04,0.821008131,,,,
,21,8,24,9,2,235.08,0.653161678,,,,
,21,8,24,10,3,235.13,0.74554914,,,,
,21,8,24,11,4,235.17,0.76495522,,,,
,21,8,24,12,5,235.21,0.670171459,,,,
,21,8,24,13,6,235.25,0.699146241,,,,
,21,8,24,14,7,235.29,0.742386283,,,,
,21,8,24,15,8,235.33,0.799639406,,,,
,21,8,24,16,9,235.38,0.769373674,,,,
,21,8,24,17,10,235.42,0.657742753,,,,
,21,8,24,18,11,235.46,0.658702569,,,,
,21,8,24,19,12,235.50,0.717000354,,,,
,21,8,24,20,13,235.54,0.661758779,,,,
,21,8,24,21,14,235.58,1,,,,
,21,8,24,22,15,235.63,0.741033467,,,,
,21,8,24,23,16,235.67,0.682442258,,,,
,21,8,24,0,17,235.71,0.742560099,,,,
,21,8,24,1,18,235.75,0.778615956,,,,
,21,8,24,2,19,235.79,0.773085671,,,,
,21,8,24,3,20,235.83,0.777914212,,,,
,21,8,24,4,21,235.88,0.782402192,,,,
,21,8,24,5,22,235.92,0.73264082,,,,
,21,8,24,6,23,235.96,0.758347867,,,,
,21,8,25,7,0,236.00,0.713016733,,,,
,21,8,25,8,1,236.04,0.817170045,,,,
,21,8,25,9,2,236.08,0.672664978,,,,
,21,8,25,10,3,236.13,0.732558331,,,,
,21,8,25,11,4,236.17,0.731011077,,,,
,21,8,25,12,5,236.21,0.691384634,,,,
,21,8,25,13,6,236.25,0.684789064,,,,
,21,8,25,14,7,236.29,0.746738157,,,,
,21,8,25,15,8,236.33,0.792894179,,,,
,21,8,25,16,9,236.38,0.74701744,,,,
,21,8,25,17,10,236.42,0.6829967,,,,
,21,8,25,18,11,236.46,0.66089029,,,,
,21,8,25,19,12,236.50,0.703046783,,,,
,21,8,25,20,13,236.54,0.665150247,,,,
,21,8,25,21,14,236.58,0.696571412,,,,
,21,8,25,22,15,236.63,0.711675112,,,,
,21,8,25,23,16,236.67,0.698029696,,,,
,21,8,25,0,17,236.71,0.707563045,,,,
,21,8,25,1,18,236.75,0.764819114,,,,
,21,8,25,2,19,236.79,0.728101579,,,,
,21,8,25,3,20,236.83,0.767533585,,,,
,21,8,25,4,21,236.88,0.787817582,,,,
,21,8,25,5,22,236.92,0.699295899,,,,
,21,8,25,6,23,236.96,0.75059333,,,,
,21,8,26,7,0,237.00,0.714835612,,,,
,21,8,26,8,1,237.04,0.79227728,,,,
,21,8,26,9,2,237.08,0.696855409,,,,
,21,8,26,10,3,237.13,0.749916333,,,,
,21,8,26,11,4,237.17,0.679683007,,,,
,21,8,26,12,5,237.21,0.772119962,,,,
,21,8,26,13,6,237.25,0.669062574,,,,
,21,8,26,14,7,237.29,0.741603818,,,,
,21,8,26,15,8,237.33,0.786125972,,,,
,21,8,26,16,9,237.38,0.726224959,,,,
,21,8,26,17,10,237.42,0.681354584,,,,
,21,8,26,18,11,237.46,0.644379566,,,,
,21,8,26,19,12,237.50,0.701715178,,,,
,21,8,26,20,13,237.54,0.685131393,,,,
,21,8,26,21,14,237.58,0.630369432,,,,
,21,8,26,22,15,237.63,0.720682889,,,,
,21,8,26,23,16,237.67,0.691589677,,,,
,21,8,26,0,17,237.71,0.714826774,,,,
,21,8,26,1,18,237.75,0.768999529,,,,
,21,8,26,2,19,237.79,0.725212703,,,,
,21,8,26,3,20,237.83,0.767856469,,,,
,21,8,26,4,21,237.88,0.797719774,,,,
,21,8,26,5,22,237.92,0.691481263,,,,
,21,8,26,6,23,237.96,0.743816286,,,,
,21,8,27,7,0,238.00,0.703754419,,,,
,21,8,27,8,1,238.04,0.773230615,,,,
,21,8,27,9,2,238.08,0.72439135,,,,
,21,8,27,10,3,238.13,0.740112538,,,,
,21,8,27,11,4,238.17,0.667577186,,,,
,21,8,27,12,5,238.21,0.801541362,,,,
,21,8,27,13,6,238.25,0.653656022,,,,
,21,8,27,14,7,238.29,0.754156847,,,,
,21,8,27,15,8,238.33,0.783074476,,,,
,21,8,27,16,9,238.38,0.711531346,,,,
,21,8,27,17,10,238.42,0.688015555,,,,
,21,8,27,18,11,238.46,0.653246524,,,,
,21,8,27,19,12,238.50,0.691500707,,,,
,21,8,27,20,13,238.54,0.706295663,,,,
,21,8,27,21,14,238.58,0.678818053,,,,
,21,8,27,22,15,238.63,0.707327363,,,,
,21,8,27,23,16,238.67,0.704910441,,,,
,21,8,27,0,17,238.71,0.728006717,,,,
,21,8,27,1,18,238.75,0.767591916,,,,
,21,8,27,2,19,238.79,0.726919043,,,,
,21,8,27,3,20,238.83,0.761500118,,,,
,21,8,27,4,21,238.88,0.803045015,,,,
,21,8,27,5,22,238.92,0.716051732,,,,
,21,8,27,6,23,238.96,0.753892882,,,,
,21,8,28,8,1,239.04,0.852483502,,,,
,21,8,28,9,2,239.08,0.587363304,,,,
,21,8,28,10,3,239.13,0.746364601,,,,
,21,8,28,11,4,239.17,0.666972072,,,,
,21,8,28,12,5,239.21,0.785635753,,,,
,21,8,28,13,6,239.25,0.667958402,,,,
,21,8,28,14,7,239.29,0.76434009,,,,
,21,8,28,15,8,239.33,0.794552793,,,,
,21,8,28,16,9,239.38,0.640295781,,,,
,21,8,28,17,10,239.42,0.766318642,,,,
,21,8,28,18,11,239.46,0.670038298,,,,
,21,8,28,19,12,239.50,0.693248881,,,,
,21,8,28,20,13,239.54,0.712000354,,,,
,21,8,28,21,14,239.58,0.666701626,,,,
,21,8,28,22,15,239.63,0.704366015,,,,
,21,8,28,23,16,239.67,0.72732913,,,,
,21,9,10,7,0,252.00,0.764541598,,,,
,21,9,10,8,1,252.04,0.668941786,,,,
,21,9,10,9,2,252.08,0.692141763,,,,
,21,9,10,10,3,252.13,0.605800141,,,,
,21,9,10,11,4,252.17,0.74192906,,,,
,21,9,10,12,5,252.21,0.60008131,,,,
,21,9,10,13,6,252.25,0.716695734,,,,
,21,9,10,14,7,252.29,0.761599694,,,,
,21,9,10,15,8,252.33,0.675283408,,,,
,21,9,10,16,9,252.38,0.628742635,,,,
,21,9,10,17,10,252.42,0.591033467,,,,
,21,9,10,18,11,252.46,0.652428706,,,,
,21,9,10,19,12,252.50,0.644622908,,,,
,21,9,10,20,13,252.54,0.677662032,,,,
,21,9,10,21,14,252.58,0.661418807,,,,
,21,9,10,22,15,252.63,0.650761254,,,,
,21,9,10,23,16,252.67,0.682220127,,,,
,21,9,10,0,17,252.71,0.72647655,,,,
,21,9,10,1,18,252.75,0.687844096,,,,
,21,9,10,2,19,252.79,0.741752298,,,,
,21,9,10,3,20,252.83,0.767565991,,,,
,21,9,10,4,21,252.88,0.694969361,,,,
,21,9,10,5,22,252.92,0.695873203,,,,
,21,9,10,6,23,252.96,0.665139053,,,,
,21,9,11,7,0,253.00,0.734642941,,,,
,21,9,11,8,1,253.04,0.672872967,,,,
,21,9,11,9,2,253.08,0.680197384,,,,
,21,9,11,10,3,253.13,0.591912562,,,,
,21,9,11,11,4,253.17,0.745362951,,,,
,21,9,11,12,5,253.21,0.583422107,,,,
,21,9,11,13,6,253.25,0.719424346,,,,
,21,9,11,14,7,253.29,0.764403135,,,,
,21,9,11,15,8,253.33,0.611787061,,,,
,21,9,11,16,9,253.38,0.692033349,,,,
,21,9,11,17,10,253.42,0.598929413,,,,
,21,9,11,18,11,253.46,0.65234445,,,,
,21,9,11,19,12,253.50,0.631685718,,,,
,21,9,11,20,13,253.54,0.586658025,,,,
,21,9,11,21,14,253.58,0.662101108,,,,
,21,9,11,22,15,253.63,0.649620551,,,,
,21,9,11,23,16,253.67,0.677879449,,,,
,21,9,11,0,17,253.71,0.713407377,,,,
,21,9,11,1,18,253.75,0.661890172,,,,
,21,9,11,2,19,253.79,0.732727433,,,,
,21,9,11,3,20,253.83,0.755160853,,,,
,21,9,11,4,21,253.88,0.700321706,,,,
,21,9,11,5,22,253.92,0.701894296,,,,
,21,9,11,6,23,253.96,0.657051025,,,,
,21,9,13,7,0,255.00,0.650857884,,,,
,21,9,13,8,1,255.04,0.728973604,,,,
,21,9,13,9,2,255.08,0.667808744,,,,
,21,9,13,10,3,255.13,0.554902781,,,,
,21,9,13,11,4,255.17,0.648315461,,,,
,21,9,13,12,5,255.21,0.590784233,,,,
,21,9,13,13,6,255.25,0.74377563,,,,
,21,9,13,14,7,255.29,0.725836672,,,,
,21,9,13,15,8,255.33,0.521712821,,,,
,21,9,13,16,9,255.38,0.780035352,,,,
,21,9,13,17,10,255.42,0.577629036,,,,
,21,9,13,18,11,255.46,0.620062456,,,,
,21,9,13,19,12,255.50,0.609048433,,,,
,21,9,13,20,13,255.54,0.573551732,,,,
,21,9,13,21,14,255.58,0.615604525,,,,
,21,9,13,22,15,255.63,0.638646005,,,,
,21,9,13,23,16,255.67,0.672238982,,,,
,21,9,13,0,17,255.71,0.781988569,,,,
,21,9,13,1,18,255.75,0.653539948,,,,
,21,9,13,2,19,255.79,0.710955103,,,,
,21,9,13,3,20,255.83,0.715690549,,,,
,21,9,13,4,21,255.88,0.739882748,,,,
,21,9,13,5,22,255.92,0.700866132,,,,
,21,9,13,6,23,255.96,0.634922225,,,,
,21,9,14,7,0,256.00,0.622624912,,,,
,21,9,14,8,1,256.04,0.743810394,,,,
,21,9,14,9,2,256.08,0.662526514,,,,
,21,9,14,10,3,256.13,0.533715531,,,,
,21,9,14,11,4,256.17,0.577792835,,,,
,21,9,14,12,5,256.21,0.643940608,,,,
,21,9,14,13,6,256.25,0.76941374,,,,
,21,9,14,14,7,256.29,0.729418454,,,,
,21,9,14,15,8,256.33,0.483815696,,,,
,21,9,14,16,9,256.38,0.790545605,,,,
,21,9,14,17,10,256.42,0.578194084,,,,
,21,9,14,18,11,256.46,0.610350577,,,,
,21,9,14,19,12,256.50,0.585804266,,,,
,21,9,14,20,13,256.54,0.577330898,,,,
,21,9,14,21,14,256.58,0.582760429,,,,
,21,9,14,22,15,256.63,0.629071412,,,,
,21,9,14,23,16,256.67,0.669432006,,,,
,21,9,14,0,17,256.71,0.799375442,,,,
,21,9,14,1,18,256.75,0.650383573,,,,
,21,9,14,2,19,256.79,0.698962409,,,,
,21,9,14,3,20,256.83,0.702396889,,,,
,21,9,14,4,21,256.88,0.749162739,,,,
,21,9,14,5,22,256.92,0.716739335,,,,
,21,9,14,6,23,256.96,0.617385694,,,,
,21,9,15,7,0,257.00,0.597511784,,,,
,21,9,15,8,1,257.04,0.732817582,,,,
,21,9,15,9,2,257.08,0.636040537,,,,
,21,9,15,10,3,257.13,0.496363422,,,,
,21,9,15,11,4,257.17,0.521165449,,,,
,21,9,15,12,5,257.21,0.697799317,,,,
,21,9,15,13,6,257.25,0.779651779,,,,
,21,9,15,14,7,257.29,0.707825831,,,,
,21,9,15,15,8,257.33,0.46617959,,,,
,21,9,15,16,9,257.38,0.767843507,,,,
,21,9,15,17,10,257.42,0.57418395,,,,
,21,9,15,18,11,257.46,0.605268678,,,,
,21,9,15,19,12,257.50,0.553120434,,,,
,21,9,15,20,13,257.54,0.564290007,,,,
,21,9,15,21,14,257.58,0.568943554,,,,
,21,9,15,22,15,257.63,0.621919043,,,,
,21,9,15,23,16,257.67,0.67241869,,,,
,21,9,15,0,17,257.71,0.789893354,,,,
,21,9,15,1,18,257.75,0.646622083,,,,
,21,9,15,2,19,257.79,0.687772213,,,,
,21,9,15,3,20,257.83,0.678537002,,,,
,21,9,15,4,21,257.88,0.774451449,,,,
,21,9,15,5,22,257.92,0.718124558,,,,
,21,9,15,6,23,257.96,0.594556328,,,,
,21,9,16,7,0,258.00,0.58238157,,,,
,21,9,16,8,1,258.04,0.727469361,,,,
,21,9,16,9,2,258.08,0.623270681,,,,
,21,9,16,10,3,258.13,0.485072472,,,,
,21,9,16,11,4,258.17,0.521845982,,,,
,21,9,16,12,5,258.21,0.688616545,,,,
,21,9,16,13,6,258.25,0.775639877,,,,
,21,9,16,14,7,258.29,0.65839795,,,,
,21,9,16,15,8,258.33,0.49802675,,,,
,21,9,16,16,9,258.38,0.738654254,,,,
,21,9,16,17,10,258.42,0.568191138,,,,
,21,9,16,18,11,258.46,0.609457931,,,,
,21,9,16,19,12,258.50,0.513003182,,,,
,21,9,16,20,13,258.54,0.563060335,,,,
,21,9,16,21,14,258.58,0.570364129,,,,
,21,9,16,22,15,258.63,0.6079749,,,,
,21,9,16,23,16,258.67,0.662123498,,,,
,21,9,16,0,17,258.71,0.786146005,,,,
,21,9,16,1,18,258.75,0.66053441,,,,
,21,9,16,2,19,258.79,0.655458402,,,,
,21,9,16,3,20,258.83,0.682792246,,,,
,21,9,16,4,21,258.88,0.746138935,,,,
,21,9,16,5,22,258.92,0.709167452,,,,
,21,9,16,6,23,258.96,0.558349635,,,,
,21,9,17,7,0,259.00,0.564813222,,,,
,21,9,17,8,1,259.04,0.696390526,,,,
,21,9,17,9,2,259.08,0.615609828,,,,
,21,9,17,10,3,259.13,0.482142941,,,,
,21,9,17,11,4,259.17,0.517829955,,,,
,21,9,17,12,5,259.21,0.660093095,,,,
,21,9,17,13,6,259.25,0.777718006,,,,
,21,9,17,14,7,259.29,0.644632925,,,,
,21,9,17,15,8,259.33,0.511729908,,,,
,21,9,17,16,9,259.38,0.704526868,,,,
,21,9,17,17,10,259.42,0.541392882,,,,
,21,9,17,18,11,259.46,0.662363304,,,,
,21,9,17,19,12,259.50,0.505800731,,,,
,21,9,17,20,13,259.54,0.577075772,,,,
,21,9,17,21,14,259.58,0.546358708,,,,
,21,9,17,22,15,259.63,0.592758661,,,,
,21,9,17,23,16,259.67,0.65623851,,,,
,21,9,17,0,17,259.71,0.790583314,,,,
,21,9,17,1,18,259.75,0.659185718,,,,
,21,9,17,2,19,259.79,0.633014966,,,,
,21,9,17,3,20,259.83,0.682718006,,,,
,21,9,17,4,21,259.88,0.73300436,,,,
,21,9,17,5,22,259.92,0.669730733,,,,
,21,9,17,6,23,259.96,0.557815225,,,,
,21,9,18,7,0,260.00,0.54708461,,,,
,21,9,18,8,1,260.04,0.690054796,,,,
,21,9,18,9,2,260.08,0.608856352,,,,
,21,9,18,10,3,260.13,0.484675348,,,,
,21,9,18,11,4,260.17,0.499158025,,,,
,21,9,18,12,5,260.21,0.662764553,,,,
,21,9,18,13,6,260.25,0.755468419,,,,
,21,9,18,14,7,260.29,0.657545958,,,,
,21,9,18,15,8,260.33,0.503904667,,,,
,21,9,18,16,9,260.38,0.671967947,,,,
,21,9,18,17,10,260.42,0.539447325,,,,
,21,9,18,18,11,260.46,0.665862597,,,,
,21,9,18,19,12,260.50,0.469085553,,,,
,21,9,18,20,13,260.54,0.578489866,,,,
,21,9,18,21,14,260.58,0.536229672,,,,
,21,9,18,22,15,260.63,0.591498939,,,,
,21,9,18,23,16,260.67,0.645899717,,,,
,21,9,18,0,17,260.71,0.789825595,,,,
,21,9,18,1,18,260.75,0.656559628,,,,
,21,9,18,2,19,260.79,0.616601461,,,,
,21,9,18,3,20,260.83,0.682107589,,,,
,21,9,18,4,21,260.88,0.714038416,,,,
,21,9,18,5,22,260.92,0.646790007,,,,
,21,9,18,6,23,260.96,0.551100047,,,,
,21,9,19,7,0,261.00,0.495960405,,,,
,21,9,19,8,1,261.04,0.570281051,,,,
,21,9,19,9,2,261.08,0.713778576,,,,
,21,9,19,10,3,261.13,0.47990337,,,,
,21,9,19,11,4,261.17,0.51515555,,,,
,21,9,19,12,5,261.21,0.658075065,,,,
,21,9,19,13,6,261.25,0.750143766,,,,
,21,9,19,14,7,261.29,0.657877681,,,,
,21,9,19,15,8,261.33,0.504365425,,,,
,21,9,19,16,9,261.38,0.62678765,,,,
,21,9,19,17,10,261.42,0.551374617,,,,
,21,9,19,18,11,261.46,0.611857177,,,,
,21,9,19,19,12,261.50,0.445204454,,,,
,21,9,19,20,13,261.54,0.568400306,,,,
,21,9,19,21,14,261.58,0.525364718,,,,
,21,9,19,22,15,261.63,0.664504478,,,,
,21,9,19,23,16,261.67,0.744483267,,,,
,21,9,19,0,17,261.71,0.785109003,,,,
,21,9,19,1,18,261.75,0.650055975,,,,
,21,9,19,2,19,261.79,0.591664506,,,,
,21,9,19,3,20,261.83,0.694477374,,,,
,21,9,19,4,21,261.88,0.6836572,,,,
,21,9,19,5,22,261.92,0.637301438,,,,
,21,9,19,6,23,261.96,0.573990101,,,,
,21,9,20,7,0,262.00,0.442721541,,,,
,21,9,20,8,1,262.04,0.585854348,,,,
,21,9,20,9,2,262.08,0.72356116,,,,
,21,9,20,10,3,262.13,0.486579071,,,,
,21,9,20,11,4,262.17,0.524000118,,,,
,21,9,20,12,5,262.21,0.669004831,,,,
,21,9,20,13,6,262.25,0.748769738,,,,
,21,9,20,14,7,262.29,0.67762609,,,,
,21,9,20,15,8,262.33,0.488584728,,,,
,21,9,20,16,9,262.38,0.5389465,,,,
,21,9,20,17,10,262.42,0.549126797,,,,
,21,9,20,18,11,262.46,0.609638228,,,,
,21,9,20,19,12,262.50,0.323198209,,,,
,21,9,20,20,13,262.54,0.55360535,,,,
,21,9,20,21,14,262.58,0.519622908,,,,
,21,9,20,22,15,262.63,0.549037238,,,,
,21,9,20,23,16,262.67,0.631518383,,,,
,21,9,20,0,17,262.71,0.81196559,,,,
,21,9,20,1,18,262.75,0.647305562,,,,
,21,9,20,2,19,262.79,0.647064577,,,,
,21,9,20,3,20,262.83,0.702019208,,,,
,21,9,20,4,21,262.88,0.694914565,,,,
,21,9,20,5,22,262.92,0.664053736,,,,
,21,9,20,6,23,262.96,0.618008485,,,,
,21,9,21,7,0,263.00,0.36040832,,,,
,21,9,21,8,1,263.04,0.519344214,,,,
,21,9,21,9,2,263.08,0.709009545,,,,
,21,9,21,10,3,263.13,0.394039595,,,,
,21,9,21,11,4,263.17,0.482208932,,,,
,21,9,21,12,5,263.21,0.650051261,,,,
,21,9,21,13,6,263.25,0.736810629,,,,
,21,9,21,14,7,263.29,0.641177822,,,,
,21,9,21,15,8,263.33,0.48060099,,,,
,21,9,21,16,9,263.38,0.492676173,,,,
,21,9,21,17,10,263.42,0.556687485,,,,
,21,9,21,18,11,263.46,0.507142941,,,,
,21,9,21,19,12,263.50,0.569941079,,,,
,21,9,21,20,13,263.54,0.549221659,,,,
,21,9,21,21,14,263.58,0.513684893,,,,
,21,9,21,22,15,263.63,0.549707754,,,,
,21,9,21,23,16,263.67,0.623369668,,,,
,21,9,21,0,17,263.71,0.766926703,,,,
,21,9,21,1,18,263.75,0.623146359,,,,
,21,9,21,2,19,263.79,0.596091798,,,,
,21,9,21,3,20,263.83,0.677202451,,,,
,21,9,21,4,21,263.88,0.674255833,,,,
,21,9,21,5,22,263.92,0.594184539,,,,
,21,9,21,6,23,263.96,0.603496936,,,,
,21,9,22,7,0,264.00,0.400390054,,,,
,21,9,22,8,1,264.04,0.507794603,,,,
,21,9,22,9,2,264.08,0.650732383,,,,
,21,9,22,10,3,264.13,0.38559333,,,,
,21,9,22,11,4,264.17,0.481042894,,,,
,21,9,22,12,5,264.21,0.623159321,,,,
,21,9,22,13,6,264.25,0.731926703,,,,
,21,9,22,14,7,264.29,0.620943908,,,,
,21,9,22,15,8,264.33,0.502794014,,,,
,21,9,22,16,9,264.38,0.470263375,,,,
,21,9,22,17,10,264.42,0.567296135,,,,
,21,9,22,18,11,264.46,0.520336436,,,,
,21,9,22,19,12,264.50,0.774276455,,,,
,21,9,22,20,13,264.54,0.550379449,,,,
,21,9,22,21,14,264.58,0.520342329,,,,
,21,9,22,22,15,264.63,0.556159557,,,,
,21,9,22,23,16,264.67,0.60594921,,,,
,21,9,22,0,17,264.71,0.719922814,,,,
,21,9,22,1,18,264.75,0.631374028,,,,
,21,9,22,2,19,264.79,0.64056387,,,,
,21,9,22,3,20,264.83,0.648135164,,,,
,21,9,22,4,21,264.88,0.671781758,,,,
,21,9,22,5,22,264.92,0.526004596,,,,
,21,9,22,6,23,264.96,0.748398539,,,,
,21,9,23,7,0,265.00,0.464705986,,,,
,21,9,23,8,1,265.04,0.513194084,,,,
,21,9,23,9,2,265.08,0.602785176,,,,
,21,9,23,10,3,265.13,0.445253358,,,,
,21,9,23,11,4,265.17,0.484893943,,,,
,21,9,23,12,5,265.21,0.625961584,,,,
,21,9,23,13,6,265.25,0.742177704,,,,
,21,9,23,14,7,265.29,0.615702922,,,,
,21,9,23,15,8,265.33,0.491426467,,,,
,21,9,23,16,9,265.38,0.452786354,,,,
,21,9,23,17,10,265.42,0.571395239,,,,
,21,9,23,18,11,265.46,0.556168395,,,,
,21,9,23,19,12,265.50,0.726929649,,,,
,21,9,23,20,13,265.54,0.694885694,,,,
,21,9,23,21,14,265.58,0.642874735,,,,
,21,9,23,22,15,265.63,0.639808508,,,,
,21,9,23,23,16,265.67,0.698964176,,,,
,21,9,23,0,17,265.71,0.662318525,,,,
,21,9,23,1,18,265.75,0.648714353,,,,
,21,9,23,2,19,265.79,0.654453806,,,,
,21,9,23,3,20,265.83,0.65426585,,,,
,21,9,23,4,21,265.88,0.667294956,,,,
,21,9,23,5,22,265.92,0.519873321,,,,
,21,9,23,6,23,265.96,0.766592623,,,,
,21,9,24,7,0,266.00,0.593190549,,,,
,21,9,24,8,1,266.04,0.653287179,,,,
,21,9,24,9,2,266.08,0.612793424,,,,
,21,9,24,10,3,266.13,0.592964294,,,,
,21,9,24,11,4,266.17,0.56449564,,,,
,21,9,24,12,5,266.21,0.647578954,,,,
,21,9,24,13,6,266.25,0.745598044,,,,
,21,9,24,14,7,266.29,0.673779166,,,,
,21,9,24,15,8,266.33,0.566820646,,,,
,21,9,24,16,9,266.38,0.497007424,,,,
,21,9,24,17,10,266.42,0.576164271,,,,
,21,9,24,18,11,266.46,0.516630332,,,,
,21,9,24,19,12,266.50,0.520840797,,,,
,21,9,24,20,13,266.54,0.536865425,,,,
,21,9,24,21,14,266.58,0.528362597,,,,
,21,9,24,22,15,266.63,0.575728258,,,,
,21,9,24,23,16,266.67,0.608402663,,,,
,21,9,24,0,17,266.71,0.597452864,,,,
,21,9,24,1,18,266.75,0.702514141,,,,
,21,9,24,2,19,266.79,0.720722366,,,,
,21,9,24,3,20,266.83,0.668025572,,,,
,21,9,24,4,21,266.88,0.673468065,,,,
,21,9,24,5,22,266.92,0.578472779,,,,
,21,9,24,6,23,266.96,0.744672991,,,,
,21,9,25,7,0,267.00,0.52643884,,,,
,21,9,25,8,1,267.04,0.565141999,,,,
,21,9,25,9,2,267.08,0.515253948,,,,
,21,9,25,10,3,267.13,0.659634692,,,,
,21,9,25,11,4,267.17,0.48261843,,,,
,21,9,25,12,5,267.21,0.634170398,,,,
,21,9,25,13,6,267.25,0.738065638,,,,
,21,9,25,14,7,267.29,0.56910264,,,,
,21,9,25,15,8,267.33,0.539759015,,,,
,21,9,25,16,9,267.38,0.479521565,,,,
,21,9,25,17,10,267.42,0.552943672,,,,
,21,9,25,18,11,267.46,0.483743224,,,,
,21,9,25,19,12,267.50,0.54178058,,,,
,21,9,25,20,13,267.54,0.487015673,,,,
,21,9,25,21,14,267.58,0.541049375,,,,
,21,9,25,22,15,267.63,0.568343153,,,,
,21,9,25,23,16,267.67,0.608422107,,,,
,21,9,25,0,17,267.71,0.572503535,,,,
,21,9,25,1,18,267.75,0.680811336,,,,
,21,9,25,2,19,267.79,0.716534292,,,,
,21,9,25,3,20,267.83,0.643075065,,,,
,21,9,25,4,21,267.88,0.647086967,,,,
,21,9,25,5,22,267.92,0.529757247,,,,
,21,9,25,6,23,267.96,0.649731322,,,,
,21,9,26,7,0,268.00,0.637637874,,,,
,21,9,26,8,1,268.04,0.636831841,,,,
,21,9,26,9,2,268.08,0.55761902,,,,
,21,9,26,10,3,268.13,0.735988687,,,,
,21,9,26,11,4,268.17,0.549991751,,,,
,21,9,26,12,5,268.21,0.710463116,,,,
,21,9,26,13,6,268.25,0.750968065,,,,
,21,9,26,14,7,268.29,0.507089324,,,,
,21,9,26,15,8,268.33,0.736970304,,,,
,21,9,26,16,9,268.38,0.514752534,,,,
,21,9,26,17,10,268.42,0.542248998,,,,
,21,9,26,18,11,268.46,0.521143059,,,,
,21,9,26,19,12,268.50,0.427871789,,,,
,21,9,26,20,13,268.54,0.510197973,,,,
,21,9,26,21,14,268.58,0.592289064,,,,
,21,9,26,22,15,268.63,0.588852816,,,,
,21,9,26,23,16,268.67,0.684259958,,,,
,21,9,26,0,17,268.71,0.556844803,,,,
,21,9,26,1,18,268.75,0.693682536,,,,
,21,9,26,2,19,268.79,0.694112656,,,,
,21,9,26,3,20,268.83,0.706415272,,,,
,21,9,26,4,21,268.88,0.656478906,,,,
,21,9,26,5,22,268.92,0.599233443,,,,
,21,9,26,6,23,268.96,0.705017087,,,,
,21,9,27,7,0,269.00,0.63147655,,,,
,21,9,27,8,1,269.04,0.597317935,,,,
,21,9,27,9,2,269.08,0.512101697,,,,
,21,9,27,10,3,269.13,0.608522861,,,,
,21,9,27,11,4,269.17,0.510478435,,,,
,21,9,27,12,5,269.21,0.734337733,,,,
,21,9,27,13,6,269.25,0.731515437,,,,
,21,9,27,14,7,269.29,0.407209522,,,,
,21,9,27,15,8,269.33,0.76224016,,,,
,21,9,27,16,9,269.38,0.478789771,,,,
,21,9,27,17,10,269.42,0.52053382,,,,
,21,9,27,18,11,269.46,0.491015791,,,,
,21,9,27,19,12,269.50,0.418795663,,,,
,21,9,27,20,13,269.54,0.483329012,,,,
,21,9,27,21,14,269.58,0.545977492,,,,
,21,9,27,22,15,269.63,0.561032878,,,,
,21,9,27,23,16,269.67,0.744447325,,,,
,21,9,27,0,17,269.71,0.577188899,,,,
,21,9,27,1,18,269.75,0.669975253,,,,
,21,9,27,2,19,269.79,0.66690667,,,,
,21,9,27,3,20,269.83,0.711998586,,,,
,21,9,27,4,21,269.88,0.662489984,,,,
,21,9,27,5,22,269.92,0.564078482,,,,
,21,9,27,6,23,269.96,0.593420929,,,,
,21,9,28,7,0,270.00,0.653670163,,,,
,21,9,28,8,1,270.04,0.555309333,,,,
,21,9,28,9,2,270.08,0.441173109,,,,
,21,9,28,10,3,270.13,0.568622437,,,,
,21,9,28,11,4,270.17,0.423307212,,,,
,21,9,28,12,5,270.21,0.744376031,,,,
,21,9,28,13,6,270.25,0.700629272,,,,
,21,9,28,14,7,270.29,0.327436955,,,,
,21,9,28,15,8,270.33,0.751214942,,,,
,21,9,28,16,9,270.38,0.484497407,,,,
,21,9,28,17,10,270.42,0.496524864,,,,
,21,9,28,18,11,270.46,0.479557506,,,,
,21,9,28,19,12,270.50,0.436655079,,,,
,21,9,28,20,13,270.54,0.480131393,,,,
,21,9,28,21,14,270.58,0.526132453,,,,
,21,9,28,22,15,270.63,0.589380745,,,,
,21,9,28,23,16,270.67,0.768025572,,,,
,21,9,28,0,17,270.71,0.566667452,,,,
,21,9,28,1,18,270.75,0.651902545,,,,
,21,9,28,2,19,270.79,0.659218713,,,,
,21,9,28,3,20,270.83,0.717285529,,,,
,21,9,28,4,21,270.88,0.64543778,,,,
,21,9,28,5,22,270.92,0.529460877,,,,
,21,9,28,6,23,270.96,0.498372025,,,,
,21,9,29,7,0,271.00,0.703072119,,,,
,21,9,29,8,1,271.04,0.634181004,,,,
,21,9,29,9,2,271.08,0.526404077,,,,
,21,9,29,10,3,271.13,0.555502003,,,,
,21,9,29,11,4,271.17,0.624731911,,,,
,21,9,29,12,5,271.21,0.775902074,,,,
,21,9,29,13,6,271.25,0.719889819,,,,
,21,9,29,14,7,271.29,0.414363658,,,,
,21,9,29,15,8,271.33,0.771824181,,,,
,21,9,29,16,9,271.38,0.502029225,,,,
,21,9,29,17,10,271.42,0.522341504,,,,
,21,9,29,18,11,271.46,0.455098397,,,,
,21,9,29,19,12,271.50,0.452122908,,,,
,21,9,29,20,13,271.54,0.446341032,,,,
,21,9,29,21,14,271.58,0.543227669,,,,
,21,9,29,22,15,271.63,0.588950035,,,,
,21,9,29,23,16,271.67,0.760940372,,,,
,21,9,29,0,17,271.71,0.59919161,,,,
,21,9,29,1,18,271.75,0.699195145,,,,
,21,9,29,2,19,271.79,0.69690667,,,,
,21,9,29,3,20,271.83,0.728703747,,,,
,21,9,29,4,21,271.88,0.687403959,,,,
,21,9,29,5,22,271.92,0.611721659,,,,
,21,9,29,6,23,271.96,0.622980203,,,,
,21,9,30,7,0,272.00,0.695833726,,,,
,21,9,30,8,1,272.04,0.634812043,,,,
,21,9,30,9,2,272.08,0.545117841,,,,
,21,9,30,10,3,272.13,0.577000943,,,,
,21,9,30,11,4,272.17,0.616881923,,,,
,21,9,30,12,5,272.21,0.772553029,,,,
,21,9,30,13,6,272.25,0.686506599,,,,
,21,9,30,14,7,272.29,0.492429885,,,,
,21,9,30,15,8,272.33,0.751583785,,,,
,21,9,30,16,9,272.38,0.563307801,,,,
,21,9,30,17,10,272.42,0.566354584,,,,
,21,9,30,18,11,272.46,0.460758308,,,,
,21,9,30,0,17,272.71,0.705035352,,,,
,21,9,30,1,18,272.75,0.721810629,,,,
,21,9,30,2,19,272.79,0.712671459,,,,
,21,9,30,3,20,272.83,0.716543719,,,,
,21,9,30,4,21,272.88,0.71529637,,,,
,21,9,30,5,22,272.92,0.625335847,,,,
,21,9,30,6,23,272.96,0.647037473,,,,
,21,10,1,21,14,273.58,0.484789654,,,,
,21,10,1,22,15,273.63,0.613881098,,,,
,21,10,1,23,16,273.67,0.750597455,,,,
,21,10,2,7,0,274.00,0.632682065,,,,
,21,10,2,8,1,274.04,0.560702333,,,,
,21,10,2,9,2,274.08,0.434275277,,,,
,21,10,2,10,3,274.13,0.446997407,,,,
,21,10,2,11,4,274.17,0.533944733,,,,
,21,10,2,12,5,274.21,0.756778223,,,,
,21,10,2,13,6,274.25,0.594575183,,,,
,21,10,2,14,7,274.29,0.427758072,,,,
,21,10,2,15,8,274.33,0.682584256,,,,
,21,10,2,16,9,274.38,0.495996347,,,,
,21,10,2,17,10,274.42,0.610406552,,,,
,21,10,2,18,11,274.46,0.41393177,,,,
,21,10,2,19,12,274.50,0.515271624,,,,
,21,10,2,20,13,274.54,0.4709716,,,,
,21,10,2,21,14,274.58,0.53772272,,,,
,21,10,2,22,15,274.63,0.610854938,,,,
,21,10,2,23,16,274.67,0.748911148,,,,
,21,10,2,0,17,274.71,0.622968419,,,,
,21,10,2,1,18,274.75,0.594011313,,,,
,21,10,2,2,19,274.79,0.661452981,,,,
,21,10,2,3,20,274.83,0.66738864,,,,
,21,10,2,4,21,274.88,0.633839854,,,,
,21,10,2,5,22,274.92,0.491742871,,,,
,21,10,2,6,23,274.96,0.468985977,,,,
,21,10,3,7,0,275.00,0.609148008,,,,
,21,10,3,8,1,275.04,0.552905963,,,,
,21,10,3,9,2,275.08,0.439715414,,,,
,21,10,3,10,3,275.13,0.446335729,,,,
,21,10,3,11,4,275.17,0.533251827,,,,
,21,10,3,12,5,275.21,0.737775159,,,,
,21,10,3,13,6,275.25,0.606611478,,,,
,21,10,3,14,7,275.29,0.414952864,,,,
,21,10,3,15,8,275.33,0.608179354,,,,
,21,10,3,16,9,275.38,0.512222484,,,,
,21,10,3,17,10,275.42,0.610003535,,,,
,21,10,3,18,11,275.46,0.381878388,,,,
,21,10,3,19,12,275.50,0.53218124,,,,
,21,10,3,20,13,275.54,0.482355645,,,,
,21,10,3,21,14,275.58,0.520907377,,,,
,21,10,3,22,15,275.63,0.605959227,,,,
,21,10,3,23,16,275.67,0.768385576,,,,
,21,10,3,0,17,275.71,0.632802263,,,,
,21,10,3,1,18,275.75,0.569926349,,,,
,21,10,3,2,19,275.79,0.660850224,,,,
,21,10,3,3,20,275.83,0.664390172,,,,
,21,10,3,4,21,275.88,0.620830191,,,,
,21,10,3,5,22,275.92,0.497475253,,,,
,21,10,3,6,23,275.96,0.434963469,,,,
,21,10,4,7,0,276.00,0.49846453,,,,
,21,10,4,8,1,276.04,0.674572826,,,,
,21,10,4,9,2,276.08,0.435867311,,,,
,21,10,4,10,3,276.13,0.446258543,,,,
,21,10,4,11,4,276.17,0.528155197,,,,
,21,10,4,12,5,276.21,0.731521329,,,,
,21,10,4,13,6,276.25,0.62660264,,,,
,21,10,4,14,7,276.29,0.425961584,,,,
,21,10,4,15,8,276.33,0.552484681,,,,
,21,10,4,16,9,276.38,0.546359887,,,,
,21,10,4,17,10,276.42,0.594231676,,,,
,21,10,4,18,11,276.46,0.361855998,,,,
,21,10,4,19,12,276.50,0.545068348,,,,
,21,10,4,20,13,276.54,0.485415979,,,,
,21,10,4,21,14,276.58,0.533058567,,,,
,21,10,4,22,15,276.63,0.598915861,,,,
,21,10,4,23,16,276.67,0.771308037,,,,
,21,10,4,0,17,276.71,0.615754183,,,,
,21,10,4,1,18,276.75,0.582441669,,,,
,21,10,4,2,19,276.79,0.671245581,,,,
,21,10,4,3,20,276.83,0.660834315,,,,
,21,10,4,4,21,276.88,0.611941433,,,,
,21,10,4,5,22,276.92,0.513296017,,,,
,21,10,4,6,23,276.96,0.376537827,,,,
,21,10,5,7,0,277.00,0.496996818,,,,
,21,10,5,8,1,277.04,0.689583432,,,,
,21,10,5,9,2,277.08,0.41837556,,,,
,21,10,5,10,3,277.13,0.458201155,,,,
,21,10,5,11,4,277.17,0.541073533,,,,
,21,10,5,12,5,277.21,0.733730262,,,,
,21,10,5,13,6,277.25,0.629294132,,,,
,21,10,5,14,7,277.29,0.434103818,,,,
,21,10,5,15,8,277.33,0.524642352,,,,
,21,10,5,16,9,277.38,0.552864718,,,,
,21,10,5,17,10,277.42,0.57086024,,,,
,21,10,5,18,11,277.46,0.263341975,,,,
,21,10,5,19,12,277.50,0.532961348,,,,
,21,10,5,20,13,277.54,0.491606175,,,,
,21,10,5,21,14,277.58,0.519959345,,,,
,21,10,5,22,15,277.63,0.60922814,,,,
,21,10,5,23,16,277.67,0.756551379,,,,
,21,10,5,0,17,277.71,0.615595687,,,,
,21,10,5,1,18,277.75,0.579357177,,,,
,21,10,5,2,19,277.79,0.668443908,,,,
,21,10,5,3,20,277.83,0.652747466,,,,
,21,10,5,4,21,277.88,0.597659675,,,,
,21,10,5,5,22,277.92,0.530620434,,,,
,21,10,5,6,23,277.96,0.314796135,,,,
,21,10,6,7,0,278.00,0.485708225,,,,
,21,10,6,8,1,278.04,0.664207518,,,,
,21,10,6,9,2,278.08,0.386920222,,,,
,21,10,6,10,3,278.13,0.462875324,,,,
,21,10,6,11,4,278.17,0.567805798,,,,
,21,10,6,12,5,278.21,0.738211761,,,,
,21,10,6,13,6,278.25,0.637078718,,,,
,21,10,6,14,7,278.29,0.441696323,,,,
,21,10,6,15,8,278.33,0.50148362,,,,
,21,10,6,16,9,278.38,0.560469597,,,,
,21,10,6,17,10,278.42,0.4538428,,,,
,21,10,6,18,11,278.46,0.770271035,,,,
,21,10,6,19,12,278.50,0.533253594,,,,
,21,10,6,20,13,278.54,0.489378977,,,,
,21,10,6,21,14,278.58,0.510864365,,,,
,21,10,6,22,15,278.63,0.596260311,,,,
,21,10,6,23,16,278.67,0.698993047,,,,
,21,10,6,0,17,278.71,0.600256305,,,,
,21,10,6,1,18,278.75,0.604477374,,,,
,21,10,6,2,19,278.79,0.653478082,,,,
,21,10,6,3,20,278.83,0.660966887,,,,
,21,10,6,4,21,278.88,0.570454867,,,,
,21,10,6,5,22,278.92,0.599298845,,,,
,21,10,6,6,23,278.96,0.324546312,,,,
,21,10,7,7,0,279.00,0.437459345,,,,
,21,10,7,8,1,279.04,0.638273038,,,,
,21,10,7,9,2,279.08,0.354001296,,,,
,21,10,7,10,3,279.13,0.435454278,,,,
,21,10,7,11,4,279.17,0.564493872,,,,
,21,10,7,12,5,279.21,0.729151544,,,,
,21,10,7,13,6,279.25,0.605815461,,,,
,21,10,7,14,7,279.29,0.434716003,,,,
,21,10,7,15,8,279.33,0.485509663,,,,
,21,10,7,16,9,279.38,0.549151544,,,,
,21,10,7,17,10,279.42,0.489209875,,,,
,21,10,7,18,11,279.46,1,,,,
,21,10,7,19,12,279.50,0.522453453,,,,
,21,10,7,20,13,279.54,0.499558096,,,,
,21,10,7,21,14,279.58,0.507676173,,,,
,21,10,7,22,15,279.63,0.593930002,,,,
,21,10,7,23,16,279.67,0.651978553,,,,
,21,10,7,0,17,279.71,0.617028046,,,,
,21,10,7,1,18,279.75,0.621748763,,,,
,21,10,7,2,19,279.79,0.631878977,,,,
,21,10,7,3,20,279.83,0.652361537,,,,
,21,10,7,4,21,279.88,0.495730615,,,,
,21,10,7,5,22,279.92,0.735917983,,,,
,21,10,7,6,23,279.96,0.36774511,,,,
,21,10,8,7,0,280.00,0.446557271,,,,
,21,10,8,8,1,280.04,0.548759722,,,,
,21,10,8,9,2,280.08,0.465103111,,,,
,21,10,8,10,3,280.13,0.432108767,,,,
,21,10,8,11,4,280.17,0.57156552,,,,
,21,10,8,12,5,280.21,0.721479496,,,,
,21,10,8,13,6,280.25,0.58992576,,,,
,21,10,8,14,7,280.29,0.436441786,,,,
,21,10,8,15,8,280.33,0.485075418,,,,
,21,10,8,16,9,280.38,0.551800024,,,,
,21,10,8,17,10,280.42,0.485640467,,,,
,21,10,8,18,11,280.46,0.404388404,,,,
,21,10,8,19,12,280.50,0.515821942,,,,
,21,10,8,20,13,280.54,0.500050082,,,,
,21,10,8,21,14,280.58,0.513823356,,,,
,21,10,8,22,15,280.63,0.585695852,,,,
,21,10,8,23,16,280.67,0.551897832,,,,
,21,10,8,0,17,280.71,0.631073533,,,,
,21,10,8,1,18,280.75,0.651042305,,,,
,21,10,8,2,19,280.79,0.627390408,,,,
,21,10,8,3,20,280.83,0.656293307,,,,
,21,10,8,4,21,280.88,0.488224723,,,,
,21,10,8,5,22,280.92,0.744990573,,,,
,21,10,8,6,23,280.96,0.398666038,,,,
,21,10,9,7,0,281.00,0.511950271,,,,
,21,10,9,8,1,281.04,0.503769738,,,,
,21,10,9,9,2,281.08,0.578685482,,,,
,21,10,9,10,3,281.13,0.423209993,,,,
,21,10,9,11,4,281.17,0.577176526,,,,
,21,10,9,12,5,281.21,0.716077657,,,,
,21,10,9,13,6,281.25,0.565205044,,,,
,21,10,9,14,7,281.29,0.461468301,,,,
,21,10,9,15,8,281.33,0.506516026,,,,
,21,10,9,16,9,281.38,0.551495404,,,,
,21,10,9,17,10,281.42,0.480840797,,,,
,21,10,9,18,11,281.46,0.555637521,,,,
,21,10,9,19,12,281.50,0.47718124,,,,
,21,10,9,20,13,281.54,0.505576832,,,,
,21,10,9,21,14,281.58,0.52832312,,,,
,21,10,9,22,15,281.63,0.588161089,,,,
,21,10,9,23,16,281.67,0.557595451,,,,
,21,10,9,0,17,281.71,0.673572354,,,,
,21,10,9,1,18,281.75,0.687914212,,,,
,21,10,9,2,19,281.79,0.620395357,,,,
,21,10,9,3,20,281.83,0.636495993,,,,
,21,10,9,4,21,281.88,0.48792305,,,,
,21,10,9,5,22,281.92,0.658663681,,,,
,21,10,9,6,23,281.96,0.425456045,,,,
,21,10,10,7,0,282.00,0.507009192,,,,
,21,10,10,8,1,282.04,0.444090856,,,,
,21,10,10,9,2,282.08,0.701935541,,,,
,21,10,10,10,3,282.13,0.351320999,,,,
,21,10,10,11,4,282.17,0.6579967,,,,
,21,10,10,12,5,282.21,0.718165213,,,,
,21,10,10,13,6,282.25,0.406356941,,,,
,21,10,10,14,7,282.29,0.607330309,,,,
,21,10,10,15,8,282.33,0.509642941,,,,
,21,10,10,16,9,282.38,0.538838675,,,,
,21,10,10,17,10,282.42,0.475740042,,,,
,21,10,10,18,11,282.46,0.367908909,,,,
,21,10,10,19,12,282.50,0.50112008,,,,
,21,10,10,20,13,282.54,0.537986684,,,,
,21,10,10,21,14,282.58,0.516087085,,,,
,21,10,10,22,15,282.63,0.597432241,,,,
,21,10,10,23,16,282.67,0.548937662,,,,
,21,10,10,0,17,282.71,0.658590031,,,,
,21,10,10,1,18,282.75,0.696190785,,,,
,21,10,10,2,19,282.79,0.63990337,,,,
,21,10,10,3,20,282.83,0.630561513,,,,
,21,10,10,4,21,282.88,0.488673698,,,,
,21,10,10,5,22,282.92,0.601764082,,,,
,21,10,10,6,23,282.96,0.466168984,,,,
,21,10,11,7,0,283.00,0.517502357,,,,
,21,10,11,8,1,283.04,0.418129272,,,,
,21,10,11,9,2,283.08,0.685980438,,,,
,21,10,11,10,3,283.13,0.337155904,,,,
,21,10,11,11,4,283.17,0.694166863,,,,
,21,10,11,12,5,283.21,0.706997997,,,,
,21,10,11,13,6,283.25,0.328953571,,,,
,21,10,11,14,7,283.29,0.705097219,,,,
,21,10,11,15,8,283.33,0.531210229,,,,
,21,10,11,16,9,283.38,0.510229201,,,,
,21,10,11,17,10,283.42,0.468962998,,,,
,21,10,11,18,11,283.46,0.39382041,,,,
,21,10,11,19,12,283.50,0.467252534,,,,
,21,10,11,20,13,283.54,0.531974428,,,,
,21,10,11,21,14,283.58,0.523762079,,,,
,21,10,11,22,15,283.63,0.720562691,,,,
,21,10,11,23,16,283.67,0.561596158,,,,
,21,10,11,0,17,283.71,0.643578836,,,,
,21,10,11,1,18,283.75,0.637733915,,,,
,21,10,11,2,19,283.79,0.684059038,,,,
,21,10,11,3,20,283.83,0.637528282,,,,
,21,10,11,4,21,283.88,0.484506835,,,,
,21,10,11,5,22,283.92,0.565152604,,,,
,21,10,11,6,23,283.96,0.463732618,,,,
,21,10,12,7,0,284.00,0.509528635,,,,
,21,10,12,8,1,284.04,0.407894179,,,,
,21,10,12,9,2,284.08,0.587990808,,,,
,21,10,12,10,3,284.13,0.357334433,,,,
,21,10,12,11,4,284.17,0.718045605,,,,
,21,10,12,12,5,284.21,0.703737921,,,,
,21,10,12,13,6,284.25,0.310149658,,,,
,21,10,12,14,7,284.29,0.752379213,,,,
,21,10,12,15,8,284.33,0.532164742,,,,
,21,10,12,16,9,284.38,0.502378624,,,,
,21,10,12,17,10,284.42,0.46477728,,,,
,21,10,12,18,11,284.46,0.391693967,,,,
,21,10,12,19,12,284.50,0.446968536,,,,
,21,10,12,20,13,284.54,0.527406905,,,,
,21,10,12,21,14,284.58,0.526405256,,,,
,21,10,12,22,15,284.63,0.753006717,,,,
,21,10,12,23,16,284.67,0.555793071,,,,
,21,10,12,0,17,284.71,0.648121612,,,,
,21,10,12,1,18,284.75,0.64784881,,,,
,21,10,12,2,19,284.79,0.687137638,,,,
,21,10,12,3,20,284.83,0.637356823,,,,
,21,10,12,4,21,284.88,0.494371317,,,,
,21,10,12,5,22,284.92,0.456269738,,,,
,21,10,12,6,23,284.96,0.582258426,,,,
,21,10,13,7,0,285.00,0.511408202,,,,
,21,10,13,8,1,285.04,0.376749352,,,,
,21,10,13,9,2,285.08,0.523135164,,,,
,21,10,13,10,3,285.13,0.370844921,,,,
,21,10,13,11,4,285.17,0.735762432,,,,
,21,10,13,12,5,285.21,0.677420457,,,,
,21,10,13,13,6,285.25,0.254914565,,,,
,21,10,13,14,7,285.29,0.749040773,,,,
,21,10,13,15,8,285.33,0.538156375,,,,
,21,10,13,16,9,285.38,0.498194084,,,,
,21,10,13,17,10,285.42,0.431399953,,,,
,21,10,13,18,11,285.46,0.408562927,,,,
,21,10,13,19,12,285.50,0.452353877,,,,
,21,10,13,20,13,285.54,0.487931299,,,,
,21,10,13,21,14,285.58,0.568708461,,,,
,21,10,13,22,15,285.63,0.756613835,,,,
,21,10,13,23,16,285.67,0.57290773,,,,
,21,10,13,0,17,285.71,0.622505892,,,,
,21,10,13,1,18,285.75,0.631003417,,,,
,21,10,13,2,19,285.79,0.711427646,,,,
,21,10,13,3,20,285.83,0.634008956,,,,
,21,10,13,4,21,285.88,0.469152133,,,,
,21,10,13,5,22,285.92,0.397445204,,,,
,21,10,13,6,23,285.96,0.655397125,,,,
,21,10,14,7,0,286.00,0.515522036,,,,
,21,10,14,8,1,286.04,0.361723427,,,,
,21,10,14,9,2,286.08,0.370834905,,,,
,21,10,14,10,3,286.13,0.483765614,,,,
,21,10,14,11,4,286.17,0.765643413,,,,
,21,10,14,12,5,286.21,0.65860535,,,,
,21,10,14,13,6,286.25,0.245197973,,,,
,21,10,14,14,7,286.29,0.750594509,,,,
,21,10,14,15,8,286.33,0.539998822,,,,
,21,10,14,16,9,286.38,0.49795958,,,,
,21,10,14,17,10,286.42,0.399576361,,,,
,21,10,14,18,11,286.46,0.429112067,,,,
,21,10,14,19,12,286.50,0.423957106,,,,
,21,10,14,20,13,286.54,0.493621259,,,,
,21,10,14,21,14,286.58,0.582813457,,,,
,21,10,14,22,15,286.63,0.758659557,,,,
,21,10,14,23,16,286.67,0.586015791,,,,
,21,10,14,0,17,286.71,0.607644945,,,,
,21,10,14,1,18,286.75,0.621630332,,,,
,21,10,14,2,19,286.79,0.677294367,,,,
,21,10,14,3,20,286.83,0.681025218,,,,
,21,10,14,4,21,286.88,0.453195852,,,,
,21,10,14,5,22,286.92,0.392634339,,,,
,21,10,14,6,23,286.96,0.643840443,,,,
,21,10,15,7,0,287.00,0.503732029,,,,
,21,10,15,8,1,287.04,0.359797313,,,,
,21,10,15,9,2,287.08,0.378310747,,,,
,21,10,15,10,3,287.13,0.48669868,,,,
,21,10,15,11,4,287.17,0.754616427,,,,
,21,10,15,12,5,287.21,0.589509781,,,,
,21,10,15,13,6,287.25,0.32024452,,,,
,21,10,15,14,7,287.29,0.729187485,,,,
,21,10,15,15,8,287.33,0.530320528,,,,
,21,10,15,16,9,287.38,0.498623615,,,,
,21,10,15,17,10,287.42,0.375425996,,,,
,21,10,15,18,11,287.46,0.432269621,,,,
,21,10,15,19,12,287.50,0.438927056,,,,
,21,10,15,20,13,287.54,0.483917629,,,,
,21,10,15,21,14,287.58,0.593743224,,,,
,21,10,15,22,15,287.63,0.755243342,,,,
,21,10,15,23,16,287.67,0.603269503,,,,
,21,10,15,0,17,287.71,0.586159557,,,,
,21,10,15,1,18,287.75,0.61216592,,,,
,21,10,15,2,19,287.79,0.679758426,,,,
,21,10,15,3,20,287.83,0.692263139,,,,
,21,10,15,4,21,287.88,0.435395946,,,,
,21,10,15,5,22,287.92,0.389317111,,,,
,21,10,15,6,23,287.96,0.651579071,,,,
,21,10,16,7,0,288.00,0.492891822,,,,
,21,10,16,8,1,288.04,0.365342329,,,,
,21,10,16,9,2,288.08,0.387430474,,,,
,21,10,16,10,3,288.13,0.514827363,,,,
,21,10,16,11,4,288.17,0.750532642,,,,
,21,10,16,12,5,288.21,0.566395828,,,,
,21,10,16,13,6,288.25,0.353327245,,,,
,21,10,16,14,7,288.29,0.673510488,,,,
,21,10,16,15,8,288.33,0.489288239,,,,
,21,10,16,16,9,288.38,0.563114542,,,,
,21,10,16,17,10,288.42,0.364011313,,,,
,21,10,16,18,11,288.46,0.453037945,,,,
,21,10,16,19,12,288.50,0.444662385,,,,
,21,10,16,20,13,288.54,0.471648598,,,,
,21,10,16,21,14,288.58,0.595131393,,,,
,21,10,16,22,15,288.63,0.750134928,,,,
,21,10,16,23,16,288.67,0.604617605,,,,
,21,10,16,0,17,288.71,0.554564577,,,,
,21,10,16,1,18,288.75,0.613895239,,,,
,21,10,16,2,19,288.79,0.659074947,,,,
,21,10,16,3,20,288.83,0.631106528,,,,
,21,10,16,4,21,288.88,0.411682182,,,,
,21,10,16,5,22,288.92,0.393919397,,,,
,21,10,16,6,23,288.96,0.641133632,,,,
,21,10,17,7,0,289.00,0.502685011,,,,
,21,10,17,8,1,289.04,0.398650719,,,,
,21,10,17,9,2,289.08,0.384962291,,,,
,21,10,17,10,3,289.13,0.517825831,,,,
,21,10,17,11,4,289.17,0.735278105,,,,
,21,10,17,12,5,289.21,0.577998468,,,,
,21,10,17,13,6,289.25,0.378277162,,,,
,21,10,17,14,7,289.29,0.64238098,,,,
,21,10,17,15,8,289.33,0.496180179,,,,
,21,10,17,16,9,289.38,0.567511784,,,,
,21,10,17,17,10,289.42,0.357286708,,,,
,21,10,17,18,11,289.46,0.462518265,,,,
,21,10,17,19,12,289.50,0.440105468,,,,
,21,10,17,20,13,289.54,0.484214,,,,
,21,10,17,21,14,289.58,0.596563752,,,,
,21,10,17,22,15,289.63,0.741120669,,,,
,21,10,17,23,16,289.67,0.590240985,,,,
,21,10,17,0,17,289.71,0.528720245,,,,
,21,10,17,1,18,289.75,0.622527693,,,,
,21,10,17,2,19,289.79,0.634574004,,,,
,21,10,17,3,20,289.83,0.613259486,,,,
,21,10,17,4,21,289.88,0.443958284,,,,
,21,10,17,5,22,289.92,0.385305209,,,,
,21,10,17,6,23,289.96,0.598555857,,,,
,21,10,18,7,0,290.00,0.567903017,,,,
,21,10,18,8,1,290.04,0.38927292,,,,
,21,10,18,9,2,290.08,0.37655079,,,,
,21,10,18,10,3,290.13,0.497738039,,,,
,21,10,18,11,4,290.17,0.726831841,,,,
,21,10,18,12,5,290.21,0.585286354,,,,
,21,10,18,13,6,290.25,0.369901603,,,,
,21,10,18,14,7,290.29,0.571792364,,,,
,21,10,18,15,8,290.33,0.509542776,,,,
,21,10,18,16,9,290.38,0.535514377,,,,
,21,10,18,17,10,290.42,0.347672637,,,,
,21,10,18,18,11,290.46,0.494129154,,,,
,21,10,18,19,12,290.50,0.411797078,,,,
,21,10,18,20,13,290.54,0.484597572,,,,
,21,10,18,21,14,290.58,0.584916333,,,,
,21,10,18,22,15,290.63,0.757909498,,,,
,21,10,18,23,16,290.67,0.583780344,,,,
,21,10,18,0,17,290.71,0.519721895,,,,
,21,10,18,1,18,290.75,0.632330898,,,,
,21,10,18,2,19,290.79,0.645146123,,,,
,21,10,18,3,20,290.83,0.592799317,,,,
,21,10,18,4,21,290.88,0.456463587,,,,
,21,10,18,5,22,290.92,0.332550082,,,,
,21,10,18,6,23,290.96,0.528363776,,,,
,21,10,19,7,0,291.00,0.644581664,,,,
,21,10,19,8,1,291.04,0.374796724,,,,
,21,10,19,9,2,291.08,0.398896418,,,,
,21,10,19,10,3,291.13,0.519536295,,,,
,21,10,19,11,4,291.17,0.724205161,,,,
,21,10,19,12,5,291.21,0.620436012,,,,
,21,10,19,13,6,291.25,0.388214707,,,,
,21,10,19,14,7,291.29,0.534420222,,,,
,21,10,19,15,8,291.33,0.520907377,,,,
,21,10,19,16,9,291.38,0.54242576,,,,
,21,10,19,17,10,291.42,0.269616427,,,,
,21,10,19,18,11,291.46,0.489121494,,,,
,21,10,19,19,12,291.50,0.445648716,,,,
,21,10,19,20,13,291.54,0.473753241,,,,
,21,10,19,21,14,291.58,0.586578482,,,,
,21,10,19,22,15,291.63,0.756481263,,,,
,21,10,19,23,16,291.67,0.574984681,,,,
,21,10,19,0,17,291.71,0.527446971,,,,
,21,10,19,1,18,291.75,0.645672873,,,,
,21,10,19,2,19,291.79,0.625580957,,,,
,21,10,19,3,20,291.83,0.581641527,,,,
,21,10,19,4,21,291.88,0.477607825,,,,
,21,10,19,5,22,291.92,0.250372967,,,,
,21,10,19,6,23,291.96,0.464024864,,,,
,21,10,20,7,0,292.00,0.641938487,,,,
,21,10,20,8,1,292.04,0.31852404,,,,
,21,10,20,9,2,292.08,0.400662856,,,,
,21,10,20,10,3,292.13,0.500003535,,,,
,21,10,20,11,4,292.17,0.723570587,,,,
,21,10,20,12,5,292.21,0.577115249,,,,
,21,10,20,13,6,292.25,0.374693024,,,,
,21,10,20,14,7,292.29,0.523238864,,,,
,21,10,20,15,8,292.33,0.512322649,,,,
,21,10,20,16,9,292.38,0.467428117,,,,
,21,10,20,17,10,292.42,0.42390938,,,,
,21,10,20,18,11,292.46,0.484754301,,,,
,21,10,20,19,12,292.50,0.447258426,,,,
,21,10,20,20,13,292.54,0.481021683,,,,
,21,10,20,21,14,292.58,0.580504949,,,,
,21,10,20,22,15,292.63,0.728659557,,,,
,21,10,20,23,16,292.67,0.56386519,,,,
,21,10,20,0,17,292.71,0.531560806,,,,
,21,10,20,1,18,292.75,0.635011784,,,,
,21,10,20,2,19,292.79,0.634387226,,,,
,21,10,20,3,20,292.83,0.534266439,,,,
,21,10,20,4,21,292.88,0.493943554,,,,
,21,10,20,5,22,292.92,0.202340914,,,,
,21,10,20,6,23,292.96,0.45140172,,,,
,21,10,21,7,0,293.00,0.624393118,,,,
,21,10,21,8,1,293.04,0.282261961,,,,
,21,10,21,9,2,293.08,0.39736625,,,,
,21,10,21,10,3,293.13,0.522927763,,,,
,21,10,21,11,4,293.17,0.716705161,,,,
,21,10,21,12,5,293.21,0.566784115,,,,
,21,10,21,13,6,293.25,0.394223427,,,,
,21,10,21,14,7,293.29,0.510279284,,,,
,21,10,21,15,8,293.33,0.504318878,,,,
,21,10,21,16,9,293.38,0.446512491,,,,
,21,10,21,17,10,293.42,0.71881334,,,,
,21,10,21,18,11,293.46,0.49825654,,,,
,21,10,21,19,12,293.50,0.459922225,,,,
,21,10,21,20,13,293.54,0.484055503,,,,
,21,10,21,21,14,293.58,0.565864954,,,,
,21,10,21,22,15,293.63,0.680073651,,,,
,21,10,21,23,16,293.67,0.579863893,,,,
,21,10,21,0,17,293.71,0.564543955,,,,
,21,10,21,1,18,293.75,0.617363304,,,,
,21,10,21,2,19,293.79,0.630662267,,,,
,21,10,21,3,20,293.83,0.503164035,,,,
,21,10,21,4,21,293.88,0.5226856,,,,
,21,10,21,5,22,293.92,0.249532171,,,,
,21,10,21,6,23,293.96,0.407030992,,,,
,21,10,22,7,0,294.00,0.565851992,,,,
,21,10,22,8,1,294.04,0.325256894,,,,
,21,10,22,9,2,294.08,0.395410676,,,,
,21,10,22,10,3,294.13,0.531949093,,,,
,21,10,22,11,4,294.17,0.704672402,,,,
,21,10,22,12,5,294.21,0.485298138,,,,
,21,10,22,13,6,294.25,0.405189724,,,,
,21,10,22,14,7,294.29,0.506881923,,,,
,21,10,22,15,8,294.33,0.499825006,,,,
,21,10,22,16,9,294.38,0.461161914,,,,
,21,10,22,17,10,294.42,0.645933302,,,,
,21,10,22,18,11,294.46,0.468954749,,,,
,21,10,22,19,12,294.50,0.463129861,,,,
,21,10,22,20,13,294.54,0.47947325,,,,
,21,10,22,21,14,294.58,0.561793542,,,,
,21,10,22,22,15,294.63,0.59143943,,,,
,21,10,22,23,16,294.67,0.589706576,,,,
,21,10,22,0,17,294.71,0.57432477,,,,
,21,10,22,1,18,294.75,0.604297078,,,,
,21,10,22,2,19,294.79,0.628181122,,,,
,21,10,22,3,20,294.83,0.44494815,,,,
,21,10,22,4,21,294.88,0.716571412,,,,
,21,10,22,5,22,294.92,0.310164978,,,,
,21,10,22,6,23,294.96,0.383717299,,,,
,21,10,23,7,0,295.00,0.501496583,,,,
,21,10,23,8,1,295.04,0.446455927,,,,
,21,10,23,9,2,295.08,0.394608767,,,,
,21,10,23,10,3,295.13,0.538730262,,,,
,21,10,23,11,4,295.17,0.703718477,,,,
,21,10,23,12,5,295.21,0.51477728,,,,
,21,10,23,13,6,295.25,0.443980085,,,,
,21,10,23,14,7,295.29,0.500203865,,,,
,21,10,23,15,8,295.33,0.490804266,,,,
,21,10,23,16,9,295.38,0.468244756,,,,
,21,10,23,17,10,295.42,0.445707636,,,,
,21,10,23,18,11,295.46,0.466393472,,,,
,21,10,23,19,12,295.50,0.476200212,,,,
,21,10,23,20,13,295.54,0.500105468,,,,
,21,10,23,21,14,295.58,0.562654372,,,,
,21,10,23,22,15,295.63,0.537058096,,,,
,21,10,23,23,16,295.67,0.63893884,,,,
,21,10,23,0,17,295.71,0.638786825,,,,
,21,10,23,1,18,295.75,0.592944261,,,,
,21,10,23,2,19,295.79,0.618257129,,,,
,21,10,23,3,20,295.83,0.442601933,,,,
,21,10,23,4,21,295.88,0.717109357,,,,
,21,10,23,5,22,295.92,0.325215649,,,,
,21,10,23,6,23,295.96,0.421822413,,,,
,21,10,24,7,0,296.00,0.435495522,,,,
,21,10,24,8,1,296.04,0.600668159,,,,
,21,10,24,9,2,296.08,0.360873203,,,,
,21,10,24,10,3,296.13,0.572445204,,,,
,21,10,24,11,4,296.17,0.700074829,,,,
,21,10,24,12,5,296.21,0.463248881,,,,
,21,10,24,13,6,296.25,0.465288122,,,,
,21,10,24,14,7,296.29,0.508733208,,,,
,21,10,24,15,8,296.33,0.475265143,,,,
,21,10,24,16,9,296.38,0.448658968,,,,
,21,10,24,17,10,296.42,0.500568584,,,,
,21,10,24,18,11,296.46,0.435491987,,,,
,21,10,24,19,12,296.50,0.476866015,,,,
,21,10,24,20,13,296.54,0.49900601,,,,
,21,10,24,21,14,296.58,0.529001885,,,,
,21,10,24,22,15,296.63,0.537271977,,,,
,21,10,24,23,16,296.67,0.611525454,,,,
,21,10,24,0,17,296.71,0.6709716,,,,
,21,10,24,1,18,296.75,0.600361183,,,,
,21,10,24,2,19,296.79,0.605203865,,,,
,21,10,24,3,20,296.83,0.444159793,,,,
,21,10,24,4,21,296.88,0.606630332,,,,
,21,10,24,5,22,296.92,0.381018737,,,,
,21,10,24,6,23,296.96,0.447325006,,,,
,21,10,25,7,0,297.00,0.390252769,,,,
,21,10,25,8,1,297.04,0.655038298,,,,
,21,10,25,9,2,297.08,0.324003064,,,,
,21,10,25,10,3,297.13,0.686655079,,,,
,21,10,25,11,4,297.17,0.694906316,,,,
,21,10,25,12,5,297.21,0.306455338,,,,
,21,10,25,13,6,297.25,0.671502475,,,,
,21,10,25,14,7,297.29,0.524523333,,,,
,21,10,25,15,8,297.33,0.459598162,,,,
,21,10,25,16,9,297.38,0.441996229,,,,
,21,10,25,17,10,297.42,0.334692435,,,,
,21,10,25,18,11,297.46,0.426954395,,,,
,21,10,25,19,12,297.50,0.537861183,,,,
,21,10,25,20,13,297.54,0.488829248,,,,
,21,10,25,21,14,297.58,0.598904667,,,,
,21,10,25,22,15,297.63,0.535231558,,,,
,21,10,25,23,16,297.67,0.606830662,,,,
,21,10,25,0,17,297.71,0.636933184,,,,
,21,10,25,1,18,297.75,0.660726491,,,,
,21,10,25,2,19,297.79,0.60281876,,,,
,21,10,25,3,20,297.83,0.452042187,,,,
,21,10,25,4,21,297.88,0.562094626,,,,
,21,10,25,5,22,297.92,0.401084728,,,,
,21,10,25,6,23,297.96,0.462804619,,,,
,21,10,26,7,0,298.00,0.370373556,,,,
,21,10,26,8,1,298.04,0.650337026,,,,
,21,10,26,9,2,298.08,0.321392882,,,,
,21,10,26,10,3,298.13,0.720115484,,,,
,21,10,26,11,4,298.17,0.707570705,,,,
,21,10,26,12,5,298.21,0.279572826,,,,
,21,10,26,13,6,298.25,0.737622555,,,,
,21,10,26,14,7,298.29,0.526945557,,,,
,21,10,26,15,8,298.33,0.465557978,,,,
,21,10,26,16,9,298.38,0.439267028,,,,
,21,10,26,17,10,298.42,0.361434716,,,,
,21,10,26,18,11,298.46,0.414246995,,,,
,21,10,26,19,12,298.50,0.523293071,,,,
,21,10,26,20,13,298.54,0.506032878,,,,
,21,10,26,21,14,298.58,0.67661737,,,,
,21,10,26,22,15,298.63,0.529117959,,,,
,21,10,26,23,16,298.67,0.592542423,,,,
,21,10,26,0,17,298.71,0.627193613,,,,
,21,10,26,1,18,298.75,0.675182065,,,,
,21,10,26,2,19,298.79,0.600469597,,,,
,21,10,26,3,20,298.83,0.453679001,,,,
,21,10,26,4,21,298.88,0.48643884,,,,
,21,10,26,5,22,298.92,0.454499175,,,,
,21,10,26,6,23,298.96,0.48701037,,,,
